,ID_Output,No,Date,WH,SalesOrder,Customer,OrderType,Vehicle,Vendor,LoadingCode,BoardName_x,CodeTOB,Category1,Category2,Unit,Qty_pt,spp_x,Qty_pcs,PcsArea,Qty_sqm,Detail,Remark,ID_BIB,BoardCode,TOB,Thick,Width,Length,spp_y,BoardName_y,BoardStockBase,BaseDate,MarketGroup,Level,BoardType,Invt_out_pcs,Invt_out_sqm,Invt_out_pt,Date2,Month,WeekOfYear,Quarter,Year
2383,219854,332,2024-01-02,G15,SO24001,Xây dựng Viễn Đông,Sale,40,CMI,XKTP-240102-01,SD-9*1220*1830,SD090C,SD 9mm (Lv 1) ,SD 9mm,Pcs,17.0,120.0,2040.0,2.2326,,,,4304.0,SD090C,SD,9.0,1220.0,1830.0,120.0,SD 9X1220X1830,11880.0,2024-01-01,Vietnam,LV_1,SD_Viet,13920.0,31077.792,116.0,2024-01-02,1,1,1,2024
2384,219855,333,2024-01-02,,SO24001,Xây dựng Viễn Đông,Sale,,,XKTP-240102-01,FR-15.9*1220*1830,FR159C,FR 15.9mm Lv 1 (1830),FR 15.9mm,Pcs,0.0,50.0,10.0,2.2326,,,,4314.0,FR159C,FR,15.9,1220.0,1830.0,50.0,FR 15.9X1220X1830,1900.0,2024-01-01,Vietnam,LV_1,FR_Viet,1910.0,4264.2660000000005,38.2,2024-01-02,1,1,1,2024
2385,219856,334,2024-01-02,G9,PO-DYMS-2311-02,Dongyeung,Sale,40,Kukdong,XKTP-240102-02,SD-9.5*900*1800,SD095E,KS SD 9.5mm (Lv 1),SD 9.5mm,Pcs,24.0,120.0,2880.0,1.62,,,,4297.0,SD095E,SD,9.5,900.0,1800.0,120.0,SD 9.5X900X1800,74520.0,2024-01-01,Korea,LV_1,SD_Korea,77400.0,125388.00000000001,645.0,2024-01-02,1,1,1,2024
2386,219857,335,2024-01-02,G9,PO-DYMS-2311-02,Dongyeung,Sale,40,Kukdong,XKTP-240102-03,SD-9.5*900*1800,SD095E,KS SD 9.5mm (Lv 1),SD 9.5mm,Pcs,24.0,120.0,2880.0,1.62,,,,4297.0,SD095E,SD,9.5,900.0,1800.0,120.0,SD 9.5X900X1800,74520.0,2024-01-01,Korea,LV_1,SD_Korea,77400.0,125388.00000000001,645.0,2024-01-02,1,1,1,2024
2387,219858,336,2024-01-02,G9,PO-DYMS-2311-02,Dongyeung,Sale,40,Kukdong,XKTP-240102-04,SD-9.5*900*1800,SD095E,KS SD 9.5mm (Lv 1),SD 9.5mm,Pcs,24.0,120.0,2880.0,1.62,,,,4297.0,SD095E,SD,9.5,900.0,1800.0,120.0,SD 9.5X900X1800,74520.0,2024-01-01,Korea,LV_1,SD_Korea,77400.0,125388.00000000001,645.0,2024-01-02,1,1,1,2024
2388,219859,337,2024-01-02,G9,PO-DYMS-2311-02,Dongyeung,Sale,40,Kukdong,XKTP-240102-05,SD-9.5*900*1800,SD095E,KS SD 9.5mm (Lv 1),SD 9.5mm,Pcs,24.0,120.0,2880.0,1.62,,,,4297.0,SD095E,SD,9.5,900.0,1800.0,120.0,SD 9.5X900X1800,74520.0,2024-01-01,Korea,LV_1,SD_Korea,77400.0,125388.00000000001,645.0,2024-01-02,1,1,1,2024
2389,219860,338,2024-01-02,G9,PO-DYMS-2311-02,Dongyeung,Sale,40,Kukdong,XKTP-240102-06,SD-9.5*900*1800,SD095E,KS SD 9.5mm (Lv 1),SD 9.5mm,Pcs,24.0,120.0,2880.0,1.62,,,,4297.0,SD095E,SD,9.5,900.0,1800.0,120.0,SD 9.5X900X1800,74520.0,2024-01-01,Korea,LV_1,SD_Korea,77400.0,125388.00000000001,645.0,2024-01-02,1,1,1,2024
2390,219861,339,2024-01-02,G9,PO-DYMS-2311-02,Dongyeung,Sale,40,Kukdong,XKTP-240102-07,SD-9.5*900*1800,SD095E,KS SD 9.5mm (Lv 1),SD 9.5mm,Pcs,24.0,120.0,2880.0,1.62,,,,4297.0,SD095E,SD,9.5,900.0,1800.0,120.0,SD 9.5X900X1800,74520.0,2024-01-01,Korea,LV_1,SD_Korea,77400.0,125388.00000000001,645.0,2024-01-02,1,1,1,2024
2391,219862,340,2024-01-02,G9,PO-DYMS-2311-02,Dongyeung,Sale,40,Kukdong,XKTP-240102-08,SD-9.5*900*1800,SD095E,KS SD 9.5mm (Lv 1),SD 9.5mm,Pcs,24.0,120.0,2880.0,1.62,,,,4297.0,SD095E,SD,9.5,900.0,1800.0,120.0,SD 9.5X900X1800,74520.0,2024-01-01,Korea,LV_1,SD_Korea,77400.0,125388.00000000001,645.0,2024-01-02,1,1,1,2024
2392,219863,341,2024-01-02,G9,PO-DYMS-2311-02,Dongyeung,Sale,40,Kukdong,XKTP-240102-09,SD-9.5*900*1800,SD095E,KS SD 9.5mm (Lv 1),SD 9.5mm,Pcs,24.0,120.0,2880.0,1.62,,,,4297.0,SD095E,SD,9.5,900.0,1800.0,120.0,SD 9.5X900X1800,74520.0,2024-01-01,Korea,LV_1,SD_Korea,77400.0,125388.00000000001,645.0,2024-01-02,1,1,1,2024
2393,219864,342,2024-01-02,G9,PO-DYMS-2311-02,Dongyeung,Sale,40,Kukdong,XKTP-240102-10,SD-9.5*900*1800,SD095E,KS SD 9.5mm (Lv 1),SD 9.5mm,Pcs,24.0,120.0,2880.0,1.62,,,,4297.0,SD095E,SD,9.5,900.0,1800.0,120.0,SD 9.5X900X1800,74520.0,2024-01-01,Korea,LV_1,SD_Korea,77400.0,125388.00000000001,645.0,2024-01-02,1,1,1,2024
2394,219865,343,2024-01-02,G9,PO-DYMS-2311-02,Dongyeung,Sale,40,Kukdong,XKTP-240102-11,SD-9.5*900*1800,SD095E,KS SD 9.5mm (Lv 1),SD 9.5mm,Pcs,24.0,120.0,2880.0,1.62,,,,4297.0,SD095E,SD,9.5,900.0,1800.0,120.0,SD 9.5X900X1800,74520.0,2024-01-01,Korea,LV_1,SD_Korea,77400.0,125388.00000000001,645.0,2024-01-02,1,1,1,2024
2395,219866,344,2024-01-03,,SO24001,Lê Trần,Sale,Trailer,,XKTP-240103-01,SD-9*1220*2440,SD090H,Long 9mm (Lv 1) ,SD 9mm Long,Pcs,20.0,100.0,2000.0,2.9768,,,,4305.0,SD090H,SD,9.0,1220.0,2440.0,100.0,SD 9X1220X2440,150.0,2024-01-01,Vietnam,LV_1,SD_Viet,2150.0,6400.12,21.5,2024-01-03,1,1,1,2024
2396,219867,345,2024-01-03,,SO24001,Lê Trần,Sale,Trailer,,XKTP-240103-02,SD-9*1220*2440,SD090H,Long 9mm (Lv 1) ,SD 9mm Long,Pcs,20.0,100.0,2000.0,2.9768,,,,4305.0,SD090H,SD,9.0,1220.0,2440.0,100.0,SD 9X1220X2440,150.0,2024-01-01,Vietnam,LV_1,SD_Viet,2150.0,6400.12,21.5,2024-01-03,1,1,1,2024
2397,219868,346,2024-01-03,G5,"PO-Daesan-2310-02-rev1
PO-Daesan-2312-02
PO-Daesan-2312-04",Daesan,Sale,40,Kukdong,XKTP-240103-03,AM-9.5*900*2780,AM095P,KS AM 9.5x2780x900 (Lv1),AM 9.5mm,Pcs,16.0,120.0,1920.0,2.502,,,,4338.0,AM095P,AM,9.5,900.0,2780.0,120.0,AM 9.5X900X2780,27120.0,2024-01-01,Korea,LV_1,AM_Korea,29040.0,72658.07999999999,242.0,2024-01-03,1,1,1,2024
2398,219869,347,2024-01-03,G5,"PO-Daesan-2310-02-rev1
PO-Daesan-2312-02
PO-Daesan-2312-04",Daesan,Sale,40,Kukdong,XKTP-240103-04,AM-9.5*900*2780,AM095P,KS AM 9.5x2780x900 (Lv1),AM 9.5mm,Pcs,16.0,120.0,1920.0,2.502,,,,4338.0,AM095P,AM,9.5,900.0,2780.0,120.0,AM 9.5X900X2780,27120.0,2024-01-01,Korea,LV_1,AM_Korea,29040.0,72658.07999999999,242.0,2024-01-03,1,1,1,2024
2399,219870,348,2024-01-03,G5,"PO-Daesan-2310-02-rev1
PO-Daesan-2312-02
PO-Daesan-2312-04",Daesan,Sale,40,Kukdong,XKTP-240103-05,AM-9.5*900*2780,AM095P,KS AM 9.5x2780x900 (Lv1),AM 9.5mm,Pcs,16.0,120.0,1920.0,2.502,,,,4338.0,AM095P,AM,9.5,900.0,2780.0,120.0,AM 9.5X900X2780,27120.0,2024-01-01,Korea,LV_1,AM_Korea,29040.0,72658.07999999999,242.0,2024-01-03,1,1,1,2024
2400,219871,349,2024-01-03,G5,"PO-Daesan-2310-02-rev1
PO-Daesan-2312-02
PO-Daesan-2312-04",Daesan,Sale,40,Kukdong,XKTP-240103-06,AM-9.5*900*2780,AM095P,KS AM 9.5x2780x900 (Lv1),AM 9.5mm,Pcs,16.0,120.0,1920.0,2.502,,,,4338.0,AM095P,AM,9.5,900.0,2780.0,120.0,AM 9.5X900X2780,27120.0,2024-01-01,Korea,LV_1,AM_Korea,29040.0,72658.07999999999,242.0,2024-01-03,1,1,1,2024
2401,219872,350,2024-01-03,G9,"PO-Daesan-2310-02-rev1
PO-Daesan-2312-02
PO-Daesan-2312-04",Daesan,Sale,40,Kukdong,XKTP-240103-07,SD-9.5*900*1800,SD095E,KS SD 9.5mm (Lv 1),SD 9.5mm,Pcs,24.0,120.0,2880.0,1.62,,,,4297.0,SD095E,SD,9.5,900.0,1800.0,120.0,SD 9.5X900X1800,74520.0,2024-01-01,Korea,LV_1,SD_Korea,77400.0,125388.00000000001,645.0,2024-01-03,1,1,1,2024
2402,219873,351,2024-01-03,G9,"PO-Daesan-2310-02-rev1
PO-Daesan-2312-02
PO-Daesan-2312-04",Daesan,Sale,40,Kukdong,XKTP-240103-08,SD-9.5*900*1800,SD095E,KS SD 9.5mm (Lv 1),SD 9.5mm,Pcs,24.0,120.0,2880.0,1.62,,,,4297.0,SD095E,SD,9.5,900.0,1800.0,120.0,SD 9.5X900X1800,74520.0,2024-01-01,Korea,LV_1,SD_Korea,77400.0,125388.00000000001,645.0,2024-01-03,1,1,1,2024
2403,219874,352,2024-01-03,G9,"PO-Daesan-2310-02-rev1
PO-Daesan-2312-02
PO-Daesan-2312-04",Daesan,Sale,40,Kukdong,XKTP-240103-09,SD-9.5*900*1800,SD095E,KS SD 9.5mm (Lv 1),SD 9.5mm,Pcs,24.0,120.0,2880.0,1.62,,,,4297.0,SD095E,SD,9.5,900.0,1800.0,120.0,SD 9.5X900X1800,74520.0,2024-01-01,Korea,LV_1,SD_Korea,77400.0,125388.00000000001,645.0,2024-01-03,1,1,1,2024
2404,219875,353,2024-01-03,G3,"PO-Daesan-2310-02-rev1
PO-Daesan-2312-02
PO-Daesan-2312-04",Daesan,Sale,40,Kukdong,XKTP-240103-10,MR-9.5*900*1800,MR095E,KS MR 9.5mm (Lv 1),MR 9.5mm,Pcs,24.0,120.0,2880.0,1.62,,,,4300.0,MR095E,MR,9.5,900.0,1800.0,120.0,MR 9.5X900X1800,18960.0,2024-01-01,Korea,LV_1,MR_Korea,21840.0,35380.8,182.0,2024-01-03,1,1,1,2024
2405,219876,354,2024-01-03,G3,"PO-Daesan-2310-02-rev1
PO-Daesan-2312-02
PO-Daesan-2312-04",Daesan,Sale,40,Kukdong,XKTP-240103-11,MR-9.5*900*1800,MR095E,KS MR 9.5mm (Lv 1),MR 9.5mm,Pcs,24.0,120.0,2880.0,1.62,,,,4300.0,MR095E,MR,9.5,900.0,1800.0,120.0,MR 9.5X900X1800,18960.0,2024-01-01,Korea,LV_1,MR_Korea,21840.0,35380.8,182.0,2024-01-03,1,1,1,2024
2406,219877,355,2024-01-03,G3,"PO-Daesan-2310-02-rev1
PO-Daesan-2312-02
PO-Daesan-2312-04",Daesan,Sale,40,Kukdong,XKTP-240103-12,MR-9.5*900*1800,MR095E,KS MR 9.5mm (Lv 1),MR 9.5mm,Pcs,24.0,120.0,2880.0,1.62,,,,4300.0,MR095E,MR,9.5,900.0,1800.0,120.0,MR 9.5X900X1800,18960.0,2024-01-01,Korea,LV_1,MR_Korea,21840.0,35380.8,182.0,2024-01-03,1,1,1,2024
2407,219878,356,2024-01-04,G9,KR-SPR-PO-2401-001,Soo Pull Rim,Sale,40,Kukdong,XKTP-240104-01,SD-9.5*900*1800,SD095E,KS SD 9.5mm (Lv 1),SD 9.5mm,Pcs,24.0,120.0,2880.0,1.62,,,,4297.0,SD095E,SD,9.5,900.0,1800.0,120.0,SD 9.5X900X1800,74520.0,2024-01-01,Korea,LV_1,SD_Korea,77400.0,125388.00000000001,645.0,2024-01-04,1,1,1,2024
2408,219879,357,2024-01-04,G9,KR-SPR-PO-2401-001,Soo Pull Rim,Sale,40,Kukdong,XKTP-240104-02,SD-9.5*900*1800,SD095E,KS SD 9.5mm (Lv 1),SD 9.5mm,Pcs,22.0,120.0,2640.0,1.62,,,,4297.0,SD095E,SD,9.5,900.0,1800.0,120.0,SD 9.5X900X1800,74520.0,2024-01-01,Korea,LV_1,SD_Korea,77160.0,124999.20000000001,643.0,2024-01-04,1,1,1,2024
2409,219880,358,2024-01-04,G3,KR-SPR-PO-2401-001,Soo Pull Rim,Sale,,,XKTP-240104-02,MR-9.5*900*1800,MR095E,KS MR 9.5mm (Lv 1),MR 9.5mm,Pcs,2.0,120.0,240.0,1.62,,,,4300.0,MR095E,MR,9.5,900.0,1800.0,120.0,MR 9.5X900X1800,18960.0,2024-01-01,Korea,LV_1,MR_Korea,19200.0,31104.000000000004,160.0,2024-01-04,1,1,1,2024
2410,219881,359,2024-01-05,G7,PO-DYMS-2401-01,Dongyeung,Sale,40,Kukdong,XKTP-240105-01,FR-12.5*900*1800,FR125E,KS FR 12.5mm (Lv 1),FR 12.5mm,Pcs,8.0,90.0,720.0,1.62,,,,4301.0,FR125E,FR,12.5,900.0,1800.0,90.0,FR 12.5X900X1800,5850.0,2024-01-01,Korea,LV_1,FR_Korea,6570.0,10643.400000000001,73.0,2024-01-05,1,1,1,2024
2411,219882,360,2024-01-05,G8,PO-DYMS-2401-01,Dongyeung,Sale,,,XKTP-240105-01,SD-9.5*900*2400,SD095G,KS SD Long 9.5mm (Lv 1),SD 9.5mm,Pcs,8.0,120.0,960.0,2.16,,,,4296.0,SD095G,SD,9.5,900.0,2400.0,120.0,SD 9.5X900X2400,9600.0,2024-01-01,Korea,LV_1,SD_Korea,10560.0,22809.600000000002,88.0,2024-01-05,1,1,1,2024
2412,219883,361,2024-01-05,G10,"PO-Daesan-2310-02-rev1
PO-Daesan-2312-01_rev1
",Daesan,Sale,40,Daon,XKTP-240105-02,AM-9.5*900*2550,AM095Q,KS AM 9.5x25500x900 (Lv1),AM 9.5mm,Pcs,16.0,120.0,1920.0,2.295,,,,4342.0,AM095Q,AM,9.5,900.0,2550.0,120.0,AM 9.5X900X2550,28560.0,2024-01-01,Korea,LV_1,AM_Korea,30480.0,69951.59999999999,254.0,2024-01-05,1,1,1,2024
2413,219884,362,2024-01-05,G11,"PO-Daesan-2310-02-rev1
PO-Daesan-2312-01_rev1
",Daesan,Sale,40,Daon,XKTP-240105-03,AM-9.5*900*2550,AM095Q,KS AM 9.5x25500x900 (Lv1),AM 9.5mm,Pcs,16.0,120.0,1920.0,2.295,,,,4342.0,AM095Q,AM,9.5,900.0,2550.0,120.0,AM 9.5X900X2550,28560.0,2024-01-01,Korea,LV_1,AM_Korea,30480.0,69951.59999999999,254.0,2024-01-05,1,1,1,2024
2414,219885,363,2024-01-05,G12,"PO-Daesan-2310-02-rev1
PO-Daesan-2312-01_rev1
",Daesan,Sale,40,Daon,XKTP-240105-04,AM-9.5*900*2550,AM095Q,KS AM 9.5x25500x900 (Lv1),AM 9.5mm,Pcs,16.0,120.0,1920.0,2.295,,,,4342.0,AM095Q,AM,9.5,900.0,2550.0,120.0,AM 9.5X900X2550,28560.0,2024-01-01,Korea,LV_1,AM_Korea,30480.0,69951.59999999999,254.0,2024-01-05,1,1,1,2024
2415,219886,364,2024-01-05,G13,"PO-Daesan-2310-02-rev1
PO-Daesan-2312-01_rev1
",Daesan,Sale,40,Daon,XKTP-240105-05,AM-9.5*900*2550,AM095Q,KS AM 9.5x25500x900 (Lv1),AM 9.5mm,Pcs,16.0,120.0,1920.0,2.295,,,,4342.0,AM095Q,AM,9.5,900.0,2550.0,120.0,AM 9.5X900X2550,28560.0,2024-01-01,Korea,LV_1,AM_Korea,30480.0,69951.59999999999,254.0,2024-01-05,1,1,1,2024
2416,219887,365,2024-01-05,G14,"PO-Daesan-2310-02-rev1
PO-Daesan-2312-01_rev1
",Daesan,Sale,40,Daon,XKTP-240105-06,AM-9.5*900*2550,AM095Q,KS AM 9.5x25500x900 (Lv1),AM 9.5mm,Pcs,16.0,120.0,1920.0,2.295,,,,4342.0,AM095Q,AM,9.5,900.0,2550.0,120.0,AM 9.5X900X2550,28560.0,2024-01-01,Korea,LV_1,AM_Korea,30480.0,69951.59999999999,254.0,2024-01-05,1,1,1,2024
2417,219888,366,2024-01-05,G9,"PO-Daesan-2310-02-rev1
PO-Daesan-2312-01_rev1
",Daesan,Sale,40,Daon,XKTP-240105-07,SD-9.5*900*1800,SD095E,KS SD 9.5mm (Lv 1),SD 9.5mm,Pcs,24.0,120.0,2880.0,1.62,,,,4297.0,SD095E,SD,9.5,900.0,1800.0,120.0,SD 9.5X900X1800,74520.0,2024-01-01,Korea,LV_1,SD_Korea,77400.0,125388.00000000001,645.0,2024-01-05,1,1,1,2024
2418,219889,367,2024-01-05,G8,"PO-Daesan-2310-02-rev1
PO-Daesan-2312-01_rev1
",Daesan,Sale,40,Daon,XKTP-240105-08,SD-9.5*900*1800,SD095E,KS SD 9.5mm (Lv 1),SD 9.5mm,Pcs,3.0,120.0,360.0,1.62,,,,4297.0,SD095E,SD,9.5,900.0,1800.0,120.0,SD 9.5X900X1800,74520.0,2024-01-01,Korea,LV_1,SD_Korea,74880.0,121305.6,624.0,2024-01-05,1,1,1,2024
2419,219890,368,2024-01-05,G7,"PO-Daesan-2310-02-rev1
PO-Daesan-2312-01_rev1
",Daesan,Sale,40,Daon,,SD-9.5*900*1800,SD095E,KS SD 9.5mm (Lv 1),SD 9.5mm,Pcs,17.0,120.0,2040.0,1.62,,,,4297.0,SD095E,SD,9.5,900.0,1800.0,120.0,SD 9.5X900X1800,74520.0,2024-01-01,Korea,LV_1,SD_Korea,76560.0,124027.20000000001,638.0,2024-01-05,1,1,1,2024
2420,219891,369,2024-01-05,G9,"PO-Daesan-2310-02-rev1
PO-Daesan-2312-01_rev1
",Daesan,Sale,40,Daon,,SD-9.5*900*1800,SD095E,KS SD 9.5mm (Lv 1),SD 9.5mm,Pcs,4.0,120.0,480.0,1.62,,,,4297.0,SD095E,SD,9.5,900.0,1800.0,120.0,SD 9.5X900X1800,74520.0,2024-01-01,Korea,LV_1,SD_Korea,75000.0,121500.00000000001,625.0,2024-01-05,1,1,1,2024
2421,219892,370,2024-01-06,G12,SO2341,H&H,Sale,40,TMS,XKTP-240106-01,FR-9*1220*2200,FR090K,FR 9mm Lv 1 (2200),FR 9mm,Pcs,15.0,80.0,1200.0,2.684,,,,4318.0,FR090K,FR,9.0,1220.0,2200.0,80.0,FR 9X1220X2200,0.0,2024-01-01,Vietnam,LV_1,FR_Viet,1200.0,3220.8,15.0,2024-01-06,1,1,1,2024
2422,219893,371,2024-01-06,G12,SO2341,H&H,Sale,40,TMS,XKTP-240106-02,FR-9*1220*2200,FR090K,FR 9mm Lv 1 (2200),FR 9mm,Pcs,15.0,80.0,1200.0,2.684,,,,4318.0,FR090K,FR,9.0,1220.0,2200.0,80.0,FR 9X1220X2200,0.0,2024-01-01,Vietnam,LV_1,FR_Viet,1200.0,3220.8,15.0,2024-01-06,1,1,1,2024
2423,219894,372,2024-01-08,G17,SO24-002,Lê Trần,Sale,Trailer,,XKTP-240108-01,SDA-12.7*1220*1830,SDA127C,SD 12.7mm (Lv 2) ,SDA12.7mm,Pcs,22.0,80.0,1760.0,2.2326,,,,4326.0,SDA127C,SDA,12.7,1220.0,1830.0,80.0,SDA 12.7X1220X1830,4160.0,2024-01-01,Vietnam,LV_2,SD_Viet,5920.0,13216.992,74.0,2024-01-08,1,2,1,2024
2424,219895,373,2024-01-08,G13,SO24-001,Lê Trần,Sale,Trailer,,XKTP-240108-02,SD-9*1220*2440,SD090H,Long 9mm (Lv 1) ,SD 9mm Long,Pcs,15.0,100.0,1500.0,2.9768,,,,4305.0,SD090H,SD,9.0,1220.0,2440.0,100.0,SD 9X1220X2440,150.0,2024-01-01,Vietnam,LV_1,SD_Viet,1650.0,4911.72,16.5,2024-01-08,1,2,1,2024
2425,219896,374,2024-01-08,G12,SO2341,H&H,Sale,40,TMS,XKTP-240108-03,FR-9*1220*2200,FR090K,FR 9mm Lv 1 (2200),FR 9mm,Pcs,15.0,80.0,1200.0,2.684,,,,4318.0,FR090K,FR,9.0,1220.0,2200.0,80.0,FR 9X1220X2200,0.0,2024-01-01,Vietnam,LV_1,FR_Viet,1200.0,3220.8,15.0,2024-01-08,1,2,1,2024
2426,219897,375,2024-01-08,G10,"PO-Daesan-2312-01_rev1
PO-Daesan-2312-02",Daesan,Sale,40,Kukdong,XKTP-240108-04,AM-9.5*900*2550,AM095Q,KS AM 9.5x25500x900 (Lv1),AM 9.5mm,Pcs,16.0,120.0,1920.0,2.295,,,,4342.0,AM095Q,AM,9.5,900.0,2550.0,120.0,AM 9.5X900X2550,28560.0,2024-01-01,Korea,LV_1,AM_Korea,30480.0,69951.59999999999,254.0,2024-01-08,1,2,1,2024
2427,219898,376,2024-01-08,G10,"PO-Daesan-2312-01_rev1
PO-Daesan-2312-02",Daesan,Sale,40,Kukdong,XKTP-240108-05,AM-9.5*900*2550,AM095Q,KS AM 9.5x25500x900 (Lv1),AM 9.5mm,Pcs,16.0,120.0,1920.0,2.295,,,,4342.0,AM095Q,AM,9.5,900.0,2550.0,120.0,AM 9.5X900X2550,28560.0,2024-01-01,Korea,LV_1,AM_Korea,30480.0,69951.59999999999,254.0,2024-01-08,1,2,1,2024
2428,219899,377,2024-01-08,G10,"PO-Daesan-2312-01_rev1
PO-Daesan-2312-02",Daesan,Sale,40,Kukdong,XKTP-240108-06,AM-9.5*900*2550,AM095Q,KS AM 9.5x25500x900 (Lv1),AM 9.5mm,Pcs,16.0,120.0,1920.0,2.295,,,,4342.0,AM095Q,AM,9.5,900.0,2550.0,120.0,AM 9.5X900X2550,28560.0,2024-01-01,Korea,LV_1,AM_Korea,30480.0,69951.59999999999,254.0,2024-01-08,1,2,1,2024
2429,219900,378,2024-01-08,G10,"PO-Daesan-2312-01_rev1
PO-Daesan-2312-02",Daesan,Sale,40,Kukdong,XKTP-240108-07,AM-9.5*900*2550,AM095Q,KS AM 9.5x25500x900 (Lv1),AM 9.5mm,Pcs,16.0,120.0,1920.0,2.295,,,,4342.0,AM095Q,AM,9.5,900.0,2550.0,120.0,AM 9.5X900X2550,28560.0,2024-01-01,Korea,LV_1,AM_Korea,30480.0,69951.59999999999,254.0,2024-01-08,1,2,1,2024
2430,219901,379,2024-01-08,G10,"PO-Daesan-2312-01_rev1
PO-Daesan-2312-02",Daesan,Sale,40,Kukdong,XKTP-240108-08,AM-9.5*900*2550,AM095Q,KS AM 9.5x25500x900 (Lv1),AM 9.5mm,Pcs,16.0,120.0,1920.0,2.295,,,,4342.0,AM095Q,AM,9.5,900.0,2550.0,120.0,AM 9.5X900X2550,28560.0,2024-01-01,Korea,LV_1,AM_Korea,30480.0,69951.59999999999,254.0,2024-01-08,1,2,1,2024
2431,219902,380,2024-01-08,G5,"PO-Daesan-2312-01_rev1
PO-Daesan-2312-02",Daesan,Sale,40,Kukdong,XKTP-240108-09,SD-12.5*900*1800,SD125E,KS SD 12.5mm (Lv 1),SD 12.5mm,Pcs,24.0,90.0,2160.0,1.62,,,,4298.0,SD125E,SD,12.5,900.0,1800.0,90.0,SD 12.5X900X1800,19800.0,2024-01-01,Korea,LV_1,SD_Korea,21960.0,35575.200000000004,244.0,2024-01-08,1,2,1,2024
2432,219903,381,2024-01-08,G5,"PO-Daesan-2312-01_rev1
PO-Daesan-2312-02",Daesan,Sale,40,Kukdong,XKTP-240108-10,SD-12.5*900*1800,SD125E,KS SD 12.5mm (Lv 1),SD 12.5mm,Pcs,24.0,90.0,2160.0,1.62,,,,4298.0,SD125E,SD,12.5,900.0,1800.0,90.0,SD 12.5X900X1800,19800.0,2024-01-01,Korea,LV_1,SD_Korea,21960.0,35575.200000000004,244.0,2024-01-08,1,2,1,2024
2433,219904,382,2024-01-08,G5,"PO-Daesan-2312-01_rev1
PO-Daesan-2312-02",Daesan,Sale,40,Kukdong,XKTP-240108-11,SD-12.5*900*1800,SD125E,KS SD 12.5mm (Lv 1),SD 12.5mm,Pcs,24.0,90.0,2160.0,1.62,,,,4298.0,SD125E,SD,12.5,900.0,1800.0,90.0,SD 12.5X900X1800,19800.0,2024-01-01,Korea,LV_1,SD_Korea,21960.0,35575.200000000004,244.0,2024-01-08,1,2,1,2024
2434,219905,383,2024-01-09,,SO2401,Đăng Hưng,Sale,Trailer,,XKTP-240109-01,MR-9*1220*2440,MR090H,MR Long 9mm (Lv 1) ,MR 9mm Long,Pcs,2.0,100.0,200.0,2.9768,,,,4310.0,MR090H,MR,9.0,1220.0,2440.0,100.0,MR 9X1220X2440,60.0,2024-01-01,Vietnam,LV_1,MR_Viet,260.0,773.968,2.6,2024-01-09,1,2,1,2024
2435,219906,384,2024-01-09,G7,PO-Daesan-2312-03,Daesan,Sale,40,Kukdong,XKTP-240109-02,AM-9.5*900*2780,AM095P,KS AM 9.5x2780x900 (Lv1),AM 9.5mm,Pcs,16.0,120.0,1920.0,2.502,,,,4338.0,AM095P,AM,9.5,900.0,2780.0,120.0,AM 9.5X900X2780,27120.0,2024-01-01,Korea,LV_1,AM_Korea,29040.0,72658.07999999999,242.0,2024-01-09,1,2,1,2024
2436,219907,385,2024-01-09,G7,PO-Daesan-2312-03,Daesan,Sale,40,Kukdong,XKTP-240109-03,AM-9.5*900*2780,AM095P,KS AM 9.5x2780x900 (Lv1),AM 9.5mm,Pcs,16.0,120.0,1920.0,2.502,,,,4338.0,AM095P,AM,9.5,900.0,2780.0,120.0,AM 9.5X900X2780,27120.0,2024-01-01,Korea,LV_1,AM_Korea,29040.0,72658.07999999999,242.0,2024-01-09,1,2,1,2024
2437,219908,386,2024-01-09,G7,PO-Daesan-2312-03,Daesan,Sale,40,Kukdong,XKTP-240109-04,AM-9.5*900*2780,AM095P,KS AM 9.5x2780x900 (Lv1),AM 9.5mm,Pcs,16.0,120.0,1920.0,2.502,,,,4338.0,AM095P,AM,9.5,900.0,2780.0,120.0,AM 9.5X900X2780,27120.0,2024-01-01,Korea,LV_1,AM_Korea,29040.0,72658.07999999999,242.0,2024-01-09,1,2,1,2024
2438,219909,387,2024-01-09,G7,PO-Daesan-2312-03,Daesan,Sale,40,Kukdong,XKTP-240109-05,AM-9.5*900*2780,AM095P,KS AM 9.5x2780x900 (Lv1),AM 9.5mm,Pcs,5.0,120.0,600.0,2.502,,,,4338.0,AM095P,AM,9.5,900.0,2780.0,120.0,AM 9.5X900X2780,27120.0,2024-01-01,Korea,LV_1,AM_Korea,27720.0,69355.43999999999,231.0,2024-01-09,1,2,1,2024
2439,219910,388,2024-01-09,G5,PO-Daesan-2312-03,Daesan,Sale,,,XKTP-240109-05,AM-9.5*900*2780,AM095P,KS AM 9.5x2780x900 (Lv1),AM 9.5mm,Pcs,11.0,120.0,1320.0,2.502,,,,4338.0,AM095P,AM,9.5,900.0,2780.0,120.0,AM 9.5X900X2780,27120.0,2024-01-01,Korea,LV_1,AM_Korea,28440.0,71156.87999999999,237.0,2024-01-09,1,2,1,2024
2440,219911,389,2024-01-09,G5,PO-Daesan-2312-03,Daesan,Sale,40,Kukdong,XKTP-240109-06,AM-9.5*900*2780,AM095P,KS AM 9.5x2780x900 (Lv1),AM 9.5mm,Pcs,16.0,120.0,1920.0,2.502,,,,4338.0,AM095P,AM,9.5,900.0,2780.0,120.0,AM 9.5X900X2780,27120.0,2024-01-01,Korea,LV_1,AM_Korea,29040.0,72658.07999999999,242.0,2024-01-09,1,2,1,2024
2441,219912,390,2024-01-09,G5,PO-Daesan-2312-03,Daesan,Sale,40,Kukdong,XKTP-240109-07,AM-9.5*900*2780,AM095P,KS AM 9.5x2780x900 (Lv1),AM 9.5mm,Pcs,16.0,120.0,1920.0,2.502,,,,4338.0,AM095P,AM,9.5,900.0,2780.0,120.0,AM 9.5X900X2780,27120.0,2024-01-01,Korea,LV_1,AM_Korea,29040.0,72658.07999999999,242.0,2024-01-09,1,2,1,2024
2442,219913,391,2024-01-09,G5,PO-Daesan-2312-03,Daesan,Sale,40,Kukdong,XKTP-240109-08,AM-9.5*900*2780,AM095P,KS AM 9.5x2780x900 (Lv1),AM 9.5mm,Pcs,16.0,120.0,1920.0,2.502,,,,4338.0,AM095P,AM,9.5,900.0,2780.0,120.0,AM 9.5X900X2780,27120.0,2024-01-01,Korea,LV_1,AM_Korea,29040.0,72658.07999999999,242.0,2024-01-09,1,2,1,2024
2443,219914,392,2024-01-09,G13,SO2401,Thuận Hòa,Sale,Truck,,XKTP-240109-09,FRA-15.9*1220*1830,FRA159C,FR 15.9mm (Lv 2),FRA 15.9mm,Pcs,1.0,50.0,50.0,2.2326,,,,4332.0,FRA159C,FRA,15.9,1220.0,1830.0,50.0,FRA 15.9X1220X1830,2850.0,2024-01-01,Vietnam,LV_2,FR_Viet,2900.0,6474.54,58.0,2024-01-09,1,2,1,2024
2444,219915,393,2024-01-10,G13,SO2401,Lê Trần,Sale,Trailer,,XKTP-240110-01,SD-9*1220*2440,SD090H,Long 9mm (Lv 1) ,SD 9mm Long,Pcs,19.0,100.0,1900.0,2.9768,,,,4305.0,SD090H,SD,9.0,1220.0,2440.0,100.0,SD 9X1220X2440,150.0,2024-01-01,Vietnam,LV_1,SD_Viet,2050.0,6102.44,20.5,2024-01-10,1,2,1,2024
2445,219916,394,2024-01-10,G13,SO2401,Lê Trần,Sale,Trailer,,XKTP-240110-02,SD-9*1220*2440,SD090H,Long 9mm (Lv 1) ,SD 9mm Long,Pcs,20.0,100.0,2000.0,2.9768,,,,4305.0,SD090H,SD,9.0,1220.0,2440.0,100.0,SD 9X1220X2440,150.0,2024-01-01,Vietnam,LV_1,SD_Viet,2150.0,6400.12,21.5,2024-01-10,1,2,1,2024
2446,219917,395,2024-01-10,G6,SO2401,Thuận Hòa,Sale,Truck,,XKTP-240110-03,FRA-12.7*1220*1830,FRA127C,FR 12.7mm (Lv 2) ,FRA 12.7mm,Pcs,1.0,60.0,60.0,2.2326,,,,4331.0,FRA127C,FRA,12.7,1220.0,1830.0,60.0,FRA 12.7X1220X1830,16980.0,2024-01-01,Vietnam,LV_2,FR_Viet,17040.0,38043.504,284.0,2024-01-10,1,2,1,2024
2447,219918,396,2024-01-10,G9,"KR-SPR-PO-2309-002
KR-SPR-PO-2311-05",Soo Pull Rim,Sale,40,Kukdong,XKTP-240110-04,SD-9.5*900*1800,SD095E,KS SD 9.5mm (Lv 1),SD 9.5mm,Pcs,24.0,120.0,2880.0,1.62,,,,4297.0,SD095E,SD,9.5,900.0,1800.0,120.0,SD 9.5X900X1800,74520.0,2024-01-01,Korea,LV_1,SD_Korea,77400.0,125388.00000000001,645.0,2024-01-10,1,2,1,2024
2448,219919,397,2024-01-10,G9,"KR-SPR-PO-2309-002
KR-SPR-PO-2311-05",Soo Pull Rim,Sale,40,Kukdong,XKTP-240110-05,SD-9.5*900*1800,SD095E,KS SD 9.5mm (Lv 1),SD 9.5mm,Pcs,24.0,120.0,2880.0,1.62,,,,4297.0,SD095E,SD,9.5,900.0,1800.0,120.0,SD 9.5X900X1800,74520.0,2024-01-01,Korea,LV_1,SD_Korea,77400.0,125388.00000000001,645.0,2024-01-10,1,2,1,2024
2449,219920,398,2024-01-10,G9,"KR-SPR-PO-2309-002
KR-SPR-PO-2311-05",Soo Pull Rim,Sale,40,Kukdong,XKTP-240110-06,SD-9.5*900*1800,SD095E,KS SD 9.5mm (Lv 1),SD 9.5mm,Pcs,24.0,120.0,2880.0,1.62,,,,4297.0,SD095E,SD,9.5,900.0,1800.0,120.0,SD 9.5X900X1800,74520.0,2024-01-01,Korea,LV_1,SD_Korea,77400.0,125388.00000000001,645.0,2024-01-10,1,2,1,2024
2450,219921,399,2024-01-10,G9,"KR-SPR-PO-2309-002
KR-SPR-PO-2311-05",Soo Pull Rim,Sale,40,Kukdong,XKTP-240110-07,SD-9.5*900*1800,SD095E,KS SD 9.5mm (Lv 1),SD 9.5mm,Pcs,24.0,120.0,2880.0,1.62,,,,4297.0,SD095E,SD,9.5,900.0,1800.0,120.0,SD 9.5X900X1800,74520.0,2024-01-01,Korea,LV_1,SD_Korea,77400.0,125388.00000000001,645.0,2024-01-10,1,2,1,2024
2451,219922,400,2024-01-10,G9,"KR-SPR-PO-2309-002
KR-SPR-PO-2311-05",Soo Pull Rim,Sale,40,Kukdong,XKTP-240110-08,SD-9.5*900*1800,SD095E,KS SD 9.5mm (Lv 1),SD 9.5mm,Pcs,24.0,120.0,2880.0,1.62,,,,4297.0,SD095E,SD,9.5,900.0,1800.0,120.0,SD 9.5X900X1800,74520.0,2024-01-01,Korea,LV_1,SD_Korea,77400.0,125388.00000000001,645.0,2024-01-10,1,2,1,2024
2452,219923,401,2024-01-10,G9,"KR-SPR-PO-2309-002
KR-SPR-PO-2311-05",Soo Pull Rim,Sale,40,Kukdong,XKTP-240110-09,SD-9.5*900*1800,SD095E,KS SD 9.5mm (Lv 1),SD 9.5mm,Pcs,24.0,120.0,2880.0,1.62,,,,4297.0,SD095E,SD,9.5,900.0,1800.0,120.0,SD 9.5X900X1800,74520.0,2024-01-01,Korea,LV_1,SD_Korea,77400.0,125388.00000000001,645.0,2024-01-10,1,2,1,2024
2453,219924,402,2024-01-10,G9,"KR-SPR-PO-2309-002
KR-SPR-PO-2311-05",Soo Pull Rim,Sale,40,Kukdong,XKTP-240110-10,SD-9.5*900*1800,SD095E,KS SD 9.5mm (Lv 1),SD 9.5mm,Pcs,24.0,120.0,2880.0,1.62,,,,4297.0,SD095E,SD,9.5,900.0,1800.0,120.0,SD 9.5X900X1800,74520.0,2024-01-01,Korea,LV_1,SD_Korea,77400.0,125388.00000000001,645.0,2024-01-10,1,2,1,2024
2454,219925,403,2024-01-10,G9,"KR-SPR-PO-2309-002
KR-SPR-PO-2311-05",Soo Pull Rim,Sale,40,Kukdong,XKTP-240110-11,SD-9.5*900*1800,SD095E,KS SD 9.5mm (Lv 1),SD 9.5mm,Pcs,24.0,120.0,2880.0,1.62,,,,4297.0,SD095E,SD,9.5,900.0,1800.0,120.0,SD 9.5X900X1800,74520.0,2024-01-01,Korea,LV_1,SD_Korea,77400.0,125388.00000000001,645.0,2024-01-10,1,2,1,2024
2455,219926,404,2024-01-10,G9,"KR-SPR-PO-2309-002
KR-SPR-PO-2311-05",Soo Pull Rim,Sale,40,Kukdong,XKTP-240110-12,SD-9.5*900*1800,SD095E,KS SD 9.5mm (Lv 1),SD 9.5mm,Pcs,24.0,120.0,2880.0,1.62,,,,4297.0,SD095E,SD,9.5,900.0,1800.0,120.0,SD 9.5X900X1800,74520.0,2024-01-01,Korea,LV_1,SD_Korea,77400.0,125388.00000000001,645.0,2024-01-10,1,2,1,2024
2456,219927,405,2024-01-10,G9,"KR-SPR-PO-2309-002
KR-SPR-PO-2311-05",Soo Pull Rim,Sale,40,Kukdong,XKTP-240110-13,SD-9.5*900*1800,SD095E,KS SD 9.5mm (Lv 1),SD 9.5mm,Pcs,19.0,120.0,2280.0,1.62,,,,4297.0,SD095E,SD,9.5,900.0,1800.0,120.0,SD 9.5X900X1800,74520.0,2024-01-01,Korea,LV_1,SD_Korea,76800.0,124416.00000000001,640.0,2024-01-10,1,2,1,2024
2457,219928,406,2024-01-10,G8,"KR-SPR-PO-2309-002
KR-SPR-PO-2311-05",Soo Pull Rim,Sale,,,XKTP-240110-13,SD-9.5*900*1800,SD095E,KS SD 9.5mm (Lv 1),SD 9.5mm,Pcs,5.0,120.0,600.0,1.62,,,,4297.0,SD095E,SD,9.5,900.0,1800.0,120.0,SD 9.5X900X1800,74520.0,2024-01-01,Korea,LV_1,SD_Korea,75120.0,121694.40000000001,626.0,2024-01-10,1,2,1,2024
2458,219929,407,2024-01-10,G8,"KR-SPR-PO-2309-002
KR-SPR-PO-2311-05",Soo Pull Rim,Sale,40,Kukdong,XKTP-240110-14,SD-9.5*900*1800,SD095E,KS SD 9.5mm (Lv 1),SD 9.5mm,Pcs,24.0,120.0,2880.0,1.62,,,,4297.0,SD095E,SD,9.5,900.0,1800.0,120.0,SD 9.5X900X1800,74520.0,2024-01-01,Korea,LV_1,SD_Korea,77400.0,125388.00000000001,645.0,2024-01-10,1,2,1,2024
2459,219930,408,2024-01-10,G8,"KR-SPR-PO-2309-002
KR-SPR-PO-2311-05",Soo Pull Rim,Sale,40,Kukdong,XKTP-240110-15,SD-9.5*900*1800,SD095E,KS SD 9.5mm (Lv 1),SD 9.5mm,Pcs,24.0,120.0,2880.0,1.62,,,,4297.0,SD095E,SD,9.5,900.0,1800.0,120.0,SD 9.5X900X1800,74520.0,2024-01-01,Korea,LV_1,SD_Korea,77400.0,125388.00000000001,645.0,2024-01-10,1,2,1,2024
2460,219931,409,2024-01-10,G8,"KR-SPR-PO-2309-002
KR-SPR-PO-2311-05",Soo Pull Rim,Sale,40,Kukdong,XKTP-240110-16,SD-9.5*900*1800,SD095E,KS SD 9.5mm (Lv 1),SD 9.5mm,Pcs,24.0,120.0,2880.0,1.62,,,,4297.0,SD095E,SD,9.5,900.0,1800.0,120.0,SD 9.5X900X1800,74520.0,2024-01-01,Korea,LV_1,SD_Korea,77400.0,125388.00000000001,645.0,2024-01-10,1,2,1,2024
2461,219932,410,2024-01-10,G8,"KR-SPR-PO-2309-002
KR-SPR-PO-2311-05",Soo Pull Rim,Sale,40,Kukdong,XKTP-240110-17,SD-9.5*900*1800,SD095E,KS SD 9.5mm (Lv 1),SD 9.5mm,Pcs,24.0,120.0,2880.0,1.62,,,,4297.0,SD095E,SD,9.5,900.0,1800.0,120.0,SD 9.5X900X1800,74520.0,2024-01-01,Korea,LV_1,SD_Korea,77400.0,125388.00000000001,645.0,2024-01-10,1,2,1,2024
2462,219933,411,2024-01-10,G8,"KR-SPR-PO-2309-002
KR-SPR-PO-2311-05",Soo Pull Rim,Sale,40,Kukdong,XKTP-240110-18,SD-9.5*900*1800,SD095E,KS SD 9.5mm (Lv 1),SD 9.5mm,Pcs,24.0,120.0,2880.0,1.62,,,,4297.0,SD095E,SD,9.5,900.0,1800.0,120.0,SD 9.5X900X1800,74520.0,2024-01-01,Korea,LV_1,SD_Korea,77400.0,125388.00000000001,645.0,2024-01-10,1,2,1,2024
2463,219934,412,2024-01-11,G8,"PO-Kone-2311-01
PO-Kone-2312-03",Kone,Sale,40,Kukdong,XKTP-240111-01,SD-9.5*900*1800,SD095E,KS SD 9.5mm (Lv 1),SD 9.5mm,Pcs,24.0,120.0,2880.0,1.62,,,,4297.0,SD095E,SD,9.5,900.0,1800.0,120.0,SD 9.5X900X1800,74520.0,2024-01-01,Korea,LV_1,SD_Korea,77400.0,125388.00000000001,645.0,2024-01-11,1,2,1,2024
2464,219935,413,2024-01-11,G8,"PO-Kone-2311-01
PO-Kone-2312-03",Kone,Sale,40,Kukdong,XKTP-240111-02,SD-9.5*900*1800,SD095E,KS SD 9.5mm (Lv 1),SD 9.5mm,Pcs,24.0,120.0,2880.0,1.62,,,,4297.0,SD095E,SD,9.5,900.0,1800.0,120.0,SD 9.5X900X1800,74520.0,2024-01-01,Korea,LV_1,SD_Korea,77400.0,125388.00000000001,645.0,2024-01-11,1,2,1,2024
2465,219936,414,2024-01-11,G8,"PO-Kone-2311-01
PO-Kone-2312-03",Kone,Sale,40,Kukdong,XKTP-240111-03,SD-9.5*900*1800,SD095E,KS SD 9.5mm (Lv 1),SD 9.5mm,Pcs,24.0,120.0,2880.0,1.62,,,,4297.0,SD095E,SD,9.5,900.0,1800.0,120.0,SD 9.5X900X1800,74520.0,2024-01-01,Korea,LV_1,SD_Korea,77400.0,125388.00000000001,645.0,2024-01-11,1,2,1,2024
2466,219937,415,2024-01-11,G8,"PO-Kone-2311-01
PO-Kone-2312-03",Kone,Sale,40,Kukdong,XKTP-240111-04,SD-9.5*900*1800,SD095E,KS SD 9.5mm (Lv 1),SD 9.5mm,Pcs,24.0,120.0,2880.0,1.62,,,,4297.0,SD095E,SD,9.5,900.0,1800.0,120.0,SD 9.5X900X1800,74520.0,2024-01-01,Korea,LV_1,SD_Korea,77400.0,125388.00000000001,645.0,2024-01-11,1,2,1,2024
2467,219938,416,2024-01-11,G8,"PO-Kone-2311-01
PO-Kone-2312-03",Kone,Sale,40,Kukdong,XKTP-240111-05,SD-9.5*900*1800,SD095E,KS SD 9.5mm (Lv 1),SD 9.5mm,Pcs,24.0,120.0,2880.0,1.62,,,,4297.0,SD095E,SD,9.5,900.0,1800.0,120.0,SD 9.5X900X1800,74520.0,2024-01-01,Korea,LV_1,SD_Korea,77400.0,125388.00000000001,645.0,2024-01-11,1,2,1,2024
2468,219939,417,2024-01-11,G8,"PO-Kone-2311-01
PO-Kone-2312-03",Kone,Sale,40,Kukdong,XKTP-240111-06,SD-9.5*900*1800,SD095E,KS SD 9.5mm (Lv 1),SD 9.5mm,Pcs,24.0,120.0,2880.0,1.62,,,,4297.0,SD095E,SD,9.5,900.0,1800.0,120.0,SD 9.5X900X1800,74520.0,2024-01-01,Korea,LV_1,SD_Korea,77400.0,125388.00000000001,645.0,2024-01-11,1,2,1,2024
2469,219940,418,2024-01-11,G8,"PO-Kone-2311-01
PO-Kone-2312-03",Kone,Sale,40,Kukdong,XKTP-240111-07,SD-9.5*900*1800,SD095E,KS SD 9.5mm (Lv 1),SD 9.5mm,Pcs,24.0,120.0,2880.0,1.62,,,,4297.0,SD095E,SD,9.5,900.0,1800.0,120.0,SD 9.5X900X1800,74520.0,2024-01-01,Korea,LV_1,SD_Korea,77400.0,125388.00000000001,645.0,2024-01-11,1,2,1,2024
2470,219941,419,2024-01-11,G8,"PO-Kone-2311-01
PO-Kone-2312-03",Kone,Sale,40,Kukdong,XKTP-240111-08,SD-9.5*900*1800,SD095E,KS SD 9.5mm (Lv 1),SD 9.5mm,Pcs,24.0,120.0,2880.0,1.62,,,,4297.0,SD095E,SD,9.5,900.0,1800.0,120.0,SD 9.5X900X1800,74520.0,2024-01-01,Korea,LV_1,SD_Korea,77400.0,125388.00000000001,645.0,2024-01-11,1,2,1,2024
2471,219942,420,2024-01-11,G8,"PO-Kone-2311-01
PO-Kone-2312-03",Kone,Sale,40,Kukdong,XKTP-240111-09,SD-9.5*900*1800,SD095E,KS SD 9.5mm (Lv 1),SD 9.5mm,Pcs,13.0,120.0,1560.0,1.62,,,,4297.0,SD095E,SD,9.5,900.0,1800.0,120.0,SD 9.5X900X1800,74520.0,2024-01-01,Korea,LV_1,SD_Korea,76080.0,123249.6,634.0,2024-01-11,1,2,1,2024
2472,219943,421,2024-01-11,G5,"PO-Kone-2311-01
PO-Kone-2312-03",Kone,Sale,,,XKTP-240111-09,SD-9.5*900*1800,SD095E,KS SD 9.5mm (Lv 1),SD 9.5mm,Pcs,11.0,120.0,1320.0,1.62,,,,4297.0,SD095E,SD,9.5,900.0,1800.0,120.0,SD 9.5X900X1800,74520.0,2024-01-01,Korea,LV_1,SD_Korea,75840.0,122860.8,632.0,2024-01-11,1,2,1,2024
2473,219944,422,2024-01-11,G5,"PO-Kone-2311-01
PO-Kone-2312-03",Kone,Sale,40,Kukdong,XKTP-240111-10,SD-9.5*900*1800,SD095E,KS SD 9.5mm (Lv 1),SD 9.5mm,Pcs,24.0,120.0,2880.0,1.62,,,,4297.0,SD095E,SD,9.5,900.0,1800.0,120.0,SD 9.5X900X1800,74520.0,2024-01-01,Korea,LV_1,SD_Korea,77400.0,125388.00000000001,645.0,2024-01-11,1,2,1,2024
2474,219945,423,2024-01-11,G5,"PO-Kone-2311-01
PO-Kone-2312-03",Kone,Sale,40,Kukdong,XKTP-240111-11,SD-12.5*900*1800,SD125E,KS SD 12.5mm (Lv 1),SD 12.5mm,Pcs,24.0,90.0,2160.0,1.62,,,,4298.0,SD125E,SD,12.5,900.0,1800.0,90.0,SD 12.5X900X1800,19800.0,2024-01-01,Korea,LV_1,SD_Korea,21960.0,35575.200000000004,244.0,2024-01-11,1,2,1,2024
2475,219946,424,2024-01-12,G13,SO2401,Lê Trần,Sale,Trailer,,XKTP-240112-01,SD-9*1220*2440,SD090H,Long 9mm (Lv 1) ,SD 9mm Long,Pcs,20.0,100.0,2000.0,2.9768,,,,4305.0,SD090H,SD,9.0,1220.0,2440.0,100.0,SD 9X1220X2440,150.0,2024-01-01,Vietnam,LV_1,SD_Viet,2150.0,6400.12,21.5,2024-01-12,1,2,1,2024
2476,219947,425,2024-01-12,G8,PO-Daesan-2401-01,Daesan,Sale,40,Daon+Pantos,XKTP-240112-02,SD-9.5*900*1800,SD095E,KS SD 9.5mm (Lv 1),SD 9.5mm,Pcs,24.0,120.0,2880.0,1.62,,,,4297.0,SD095E,SD,9.5,900.0,1800.0,120.0,SD 9.5X900X1800,74520.0,2024-01-01,Korea,LV_1,SD_Korea,77400.0,125388.00000000001,645.0,2024-01-12,1,2,1,2024
2477,219948,426,2024-01-12,G8,PO-Daesan-2401-01,Daesan,Sale,40,Daon+Pantos,XKTP-240112-03,SD-9.5*900*1800,SD095E,KS SD 9.5mm (Lv 1),SD 9.5mm,Pcs,24.0,120.0,2880.0,1.62,,,,4297.0,SD095E,SD,9.5,900.0,1800.0,120.0,SD 9.5X900X1800,74520.0,2024-01-01,Korea,LV_1,SD_Korea,77400.0,125388.00000000001,645.0,2024-01-12,1,2,1,2024
2478,219949,427,2024-01-12,G8,PO-Daesan-2401-01,Daesan,Sale,40,Daon+Pantos,XKTP-240112-04,SD-9.5*900*1800,SD095E,KS SD 9.5mm (Lv 1),SD 9.5mm,Pcs,24.0,120.0,2880.0,1.62,,,,4297.0,SD095E,SD,9.5,900.0,1800.0,120.0,SD 9.5X900X1800,74520.0,2024-01-01,Korea,LV_1,SD_Korea,77400.0,125388.00000000001,645.0,2024-01-12,1,2,1,2024
2479,219950,428,2024-01-12,G8,PO-Daesan-2401-01,Daesan,Sale,40,Daon+Pantos,XKTP-240112-05,SD-9.5*900*1800,SD095E,KS SD 9.5mm (Lv 1),SD 9.5mm,Pcs,24.0,120.0,2880.0,1.62,,,,4297.0,SD095E,SD,9.5,900.0,1800.0,120.0,SD 9.5X900X1800,74520.0,2024-01-01,Korea,LV_1,SD_Korea,77400.0,125388.00000000001,645.0,2024-01-12,1,2,1,2024
2480,219951,429,2024-01-12,G8,PO-Daesan-2401-01,Daesan,Sale,40,Daon+Pantos,XKTP-240112-06,SD-9.5*900*1800,SD095E,KS SD 9.5mm (Lv 1),SD 9.5mm,Pcs,24.0,120.0,2880.0,1.62,,,,4297.0,SD095E,SD,9.5,900.0,1800.0,120.0,SD 9.5X900X1800,74520.0,2024-01-01,Korea,LV_1,SD_Korea,77400.0,125388.00000000001,645.0,2024-01-12,1,2,1,2024
2481,219952,430,2024-01-12,G8,PO-Daesan-2401-01,Daesan,Sale,40,Daon+Pantos,XKTP-240112-07,SD-9.5*900*1800,SD095E,KS SD 9.5mm (Lv 1),SD 9.5mm,Pcs,24.0,120.0,2880.0,1.62,,,,4297.0,SD095E,SD,9.5,900.0,1800.0,120.0,SD 9.5X900X1800,74520.0,2024-01-01,Korea,LV_1,SD_Korea,77400.0,125388.00000000001,645.0,2024-01-12,1,2,1,2024
2482,219953,431,2024-01-12,G8,PO-Daesan-2401-01,Daesan,Sale,40,Daon+Pantos,XKTP-240112-08,SD-9.5*900*1800,SD095E,KS SD 9.5mm (Lv 1),SD 9.5mm,Pcs,24.0,120.0,2880.0,1.62,,,,4297.0,SD095E,SD,9.5,900.0,1800.0,120.0,SD 9.5X900X1800,74520.0,2024-01-01,Korea,LV_1,SD_Korea,77400.0,125388.00000000001,645.0,2024-01-12,1,2,1,2024
2483,219954,432,2024-01-12,G8,PO-Daesan-2401-01,Daesan,Sale,40,Daon+Pantos,XKTP-240112-09,SD-9.5*900*1800,SD095E,KS SD 9.5mm (Lv 1),SD 9.5mm,Pcs,24.0,120.0,2880.0,1.62,,,,4297.0,SD095E,SD,9.5,900.0,1800.0,120.0,SD 9.5X900X1800,74520.0,2024-01-01,Korea,LV_1,SD_Korea,77400.0,125388.00000000001,645.0,2024-01-12,1,2,1,2024
2484,219955,433,2024-01-12,G8,PO-Daesan-2401-01,Daesan,Sale,40,Daon+Pantos,XKTP-240112-10,SD-9.5*900*1800,SD095E,KS SD 9.5mm (Lv 1),SD 9.5mm,Pcs,24.0,120.0,2880.0,1.62,,,,4297.0,SD095E,SD,9.5,900.0,1800.0,120.0,SD 9.5X900X1800,74520.0,2024-01-01,Korea,LV_1,SD_Korea,77400.0,125388.00000000001,645.0,2024-01-12,1,2,1,2024
2485,219956,434,2024-01-12,G8,PO-Daesan-2401-01,Daesan,Sale,40,Daon+Pantos,XKTP-240112-11,SD-9.5*900*1800,SD095E,KS SD 9.5mm (Lv 1),SD 9.5mm,Pcs,24.0,120.0,2880.0,1.62,,,,4297.0,SD095E,SD,9.5,900.0,1800.0,120.0,SD 9.5X900X1800,74520.0,2024-01-01,Korea,LV_1,SD_Korea,77400.0,125388.00000000001,645.0,2024-01-12,1,2,1,2024
2486,219957,435,2024-01-12,G8,PO-Daesan-2401-01,Daesan,Sale,40,Daon+Pantos,XKTP-240112-12,SD-9.5*900*1800,SD095E,KS SD 9.5mm (Lv 1),SD 9.5mm,Pcs,24.0,120.0,2880.0,1.62,,,,4297.0,SD095E,SD,9.5,900.0,1800.0,120.0,SD 9.5X900X1800,74520.0,2024-01-01,Korea,LV_1,SD_Korea,77400.0,125388.00000000001,645.0,2024-01-12,1,2,1,2024
2487,219958,436,2024-01-12,G8,PO-Daesan-2401-01,Daesan,Sale,40,Daon+Pantos,XKTP-240112-13,SD-9.5*900*1800,SD095E,KS SD 9.5mm (Lv 1),SD 9.5mm,Pcs,24.0,120.0,2880.0,1.62,,,,4297.0,SD095E,SD,9.5,900.0,1800.0,120.0,SD 9.5X900X1800,74520.0,2024-01-01,Korea,LV_1,SD_Korea,77400.0,125388.00000000001,645.0,2024-01-12,1,2,1,2024
2488,219959,437,2024-01-12,G8,PO-Daesan-2401-01,Daesan,Sale,40,Daon+Pantos,XKTP-240112-14,SD-9.5*900*1800,SD095E,KS SD 9.5mm (Lv 1),SD 9.5mm,Pcs,24.0,120.0,2880.0,1.62,,,,4297.0,SD095E,SD,9.5,900.0,1800.0,120.0,SD 9.5X900X1800,74520.0,2024-01-01,Korea,LV_1,SD_Korea,77400.0,125388.00000000001,645.0,2024-01-12,1,2,1,2024
2489,219960,438,2024-01-12,G8,PO-Daesan-2401-01,Daesan,Sale,40,Daon+Pantos,XKTP-240112-15,SD-9.5*900*1800,SD095E,KS SD 9.5mm (Lv 1),SD 9.5mm,Pcs,24.0,120.0,2880.0,1.62,,,,4297.0,SD095E,SD,9.5,900.0,1800.0,120.0,SD 9.5X900X1800,74520.0,2024-01-01,Korea,LV_1,SD_Korea,77400.0,125388.00000000001,645.0,2024-01-12,1,2,1,2024
2490,219961,439,2024-01-12,G8,PO-Daesan-2401-01,Daesan,Sale,40,Daon+Pantos,XKTP-240112-16,SD-9.5*900*1800,SD095E,KS SD 9.5mm (Lv 1),SD 9.5mm,Pcs,24.0,120.0,2880.0,1.62,,,,4297.0,SD095E,SD,9.5,900.0,1800.0,120.0,SD 9.5X900X1800,74520.0,2024-01-01,Korea,LV_1,SD_Korea,77400.0,125388.00000000001,645.0,2024-01-12,1,2,1,2024
2491,219962,440,2024-01-12,G8,PO-Daesan-2401-01,Daesan,Sale,40,Daon+Pantos,XKTP-240112-17,SD-9.5*900*1800,SD095E,KS SD 9.5mm (Lv 1),SD 9.5mm,Pcs,24.0,120.0,2880.0,1.62,,,,4297.0,SD095E,SD,9.5,900.0,1800.0,120.0,SD 9.5X900X1800,74520.0,2024-01-01,Korea,LV_1,SD_Korea,77400.0,125388.00000000001,645.0,2024-01-12,1,2,1,2024
2492,219963,441,2024-01-13,G14,SO2403,Lê Trần,Sale,Trailer,,XKTP-240113-01,FR-12.7*1220*1830,FR127C,FR 12.7mm Lv 1 (1830) ,FR 12.7mm,Pcs,22.0,60.0,1320.0,2.2326,,,,4313.0,FR127C,FR,12.7,1220.0,1830.0,60.0,FR 12.7X1220X1830,3960.0,2024-01-01,Vietnam,LV_1,FR_Viet,5280.0,11788.128,88.0,2024-01-13,1,2,1,2024
2493,219964,442,2024-01-15,G5,PO-Daesan-2401-02,Daesan,Sale,40,Daon,XKTP-240114-01,AM-9.5*900*2780,AM095P,KS AM 9.5x2780x900 (Lv1),AM 9.5mm,Pcs,16.0,120.0,1920.0,2.502,,,,4338.0,AM095P,AM,9.5,900.0,2780.0,120.0,AM 9.5X900X2780,27120.0,2024-01-01,Korea,LV_1,AM_Korea,29040.0,72658.07999999999,242.0,2024-01-15,1,3,1,2024
2494,219965,443,2024-01-15,G5,PO-Daesan-2401-02,Daesan,Sale,40,Daon,XKTP-240114-02,AM-9.5*900*2780,AM095P,KS AM 9.5x2780x900 (Lv1),AM 9.5mm,Pcs,16.0,120.0,1920.0,2.502,,,,4338.0,AM095P,AM,9.5,900.0,2780.0,120.0,AM 9.5X900X2780,27120.0,2024-01-01,Korea,LV_1,AM_Korea,29040.0,72658.07999999999,242.0,2024-01-15,1,3,1,2024
2495,219966,444,2024-01-15,G5,PO-Daesan-2401-02,Daesan,Sale,40,Daon,XKTP-240114-03,AM-9.5*900*2780,AM095P,KS AM 9.5x2780x900 (Lv1),AM 9.5mm,Pcs,16.0,120.0,1920.0,2.502,,,,4338.0,AM095P,AM,9.5,900.0,2780.0,120.0,AM 9.5X900X2780,27120.0,2024-01-01,Korea,LV_1,AM_Korea,29040.0,72658.07999999999,242.0,2024-01-15,1,3,1,2024
2496,219967,445,2024-01-15,G5,PO-Daesan-2401-02,Daesan,Sale,40,Daon,XKTP-240114-04,AM-9.5*900*2780,AM095P,KS AM 9.5x2780x900 (Lv1),AM 9.5mm,Pcs,16.0,120.0,1920.0,2.502,,,,4338.0,AM095P,AM,9.5,900.0,2780.0,120.0,AM 9.5X900X2780,27120.0,2024-01-01,Korea,LV_1,AM_Korea,29040.0,72658.07999999999,242.0,2024-01-15,1,3,1,2024
2497,219968,446,2024-01-15,G5,PO-Daesan-2401-02,Daesan,Sale,40,Daon,XKTP-240114-05,SD-12.5*900*1800,SD125E,KS SD 12.5mm (Lv 1),SD 12.5mm,Pcs,24.0,90.0,2160.0,1.62,,,,4298.0,SD125E,SD,12.5,900.0,1800.0,90.0,SD 12.5X900X1800,19800.0,2024-01-01,Korea,LV_1,SD_Korea,21960.0,35575.200000000004,244.0,2024-01-15,1,3,1,2024
2498,219969,447,2024-01-15,G9,PO-Daesan-2401-02,Daesan,Sale,40,Daon,XKTP-240114-06,MR-9.5*900*1800,MR095E,KS MR 9.5mm (Lv 1),MR 9.5mm,Pcs,24.0,120.0,2880.0,1.62,,,,4300.0,MR095E,MR,9.5,900.0,1800.0,120.0,MR 9.5X900X1800,18960.0,2024-01-01,Korea,LV_1,MR_Korea,21840.0,35380.8,182.0,2024-01-15,1,3,1,2024
2499,219970,448,2024-01-15,G3,PO-Daesan-2401-02,Daesan,Sale,40,Daon,XKTP-240114-07,MR-9.5*900*1800,MR095E,KS MR 9.5mm (Lv 1),MR 9.5mm,Pcs,24.0,120.0,2880.0,1.62,,,,4300.0,MR095E,MR,9.5,900.0,1800.0,120.0,MR 9.5X900X1800,18960.0,2024-01-01,Korea,LV_1,MR_Korea,21840.0,35380.8,182.0,2024-01-15,1,3,1,2024
2500,219971,449,2024-01-15,G3,PO-Daesan-2401-02,Daesan,Sale,40,Daon,XKTP-240114-08,MR-9.5*900*1800,MR095E,KS MR 9.5mm (Lv 1),MR 9.5mm,Pcs,15.0,120.0,1800.0,1.62,,,,4300.0,MR095E,MR,9.5,900.0,1800.0,120.0,MR 9.5X900X1800,18960.0,2024-01-01,Korea,LV_1,MR_Korea,20760.0,33631.200000000004,173.0,2024-01-15,1,3,1,2024
2501,219972,450,2024-01-15,G9,PO-Daesan-2401-02,Daesan,Sale,,,XKTP-240114-08,MR-9.5*900*1800,MR095E,KS MR 9.5mm (Lv 1),MR 9.5mm,Pcs,9.0,120.0,1080.0,1.62,,,,4300.0,MR095E,MR,9.5,900.0,1800.0,120.0,MR 9.5X900X1800,18960.0,2024-01-01,Korea,LV_1,MR_Korea,20040.0,32464.800000000003,167.0,2024-01-15,1,3,1,2024
2502,219973,451,2024-01-16,,NC240103,,,,,,AM-9.5*900*2780,AM095P,KS AM 9.5x2780x900 (Lv1),AM 9.5mm,Pcs,2.0,120.0,240.0,2.502,,,,4338.0,AM095P,AM,9.5,900.0,2780.0,120.0,AM 9.5X900X2780,27120.0,2024-01-01,Korea,LV_1,AM_Korea,27360.0,68454.72,228.0,2024-01-16,1,3,1,2024
2503,219974,452,2024-01-16,,NC240103,,,,,,FR-15.9*1220*1830,FR159C,FR 15.9mm Lv 1 (1830),FR 15.9mm,Pcs,1.0,50.0,62.0,2.2326,,,,4314.0,FR159C,FR,15.9,1220.0,1830.0,50.0,FR 15.9X1220X1830,1900.0,2024-01-01,Vietnam,LV_1,FR_Viet,1962.0,4380.3612,39.24,2024-01-16,1,3,1,2024
2504,219975,453,2024-01-16,G9,PO-Daesan-2310-02-rev1,Daesan,Sale,40,Kukdong,XKTP-240116-01,SD-9.5*900*1800,SD095E,KS SD 9.5mm (Lv 1),SD 9.5mm,Pcs,24.0,120.0,2880.0,1.62,,,,4297.0,SD095E,SD,9.5,900.0,1800.0,120.0,SD 9.5X900X1800,74520.0,2024-01-01,Korea,LV_1,SD_Korea,77400.0,125388.00000000001,645.0,2024-01-16,1,3,1,2024
2505,219976,454,2024-01-16,G9,PO-Daesan-2310-02-rev1,Daesan,Sale,40,Kukdong,XKTP-240116-02,SD-9.5*900*1800,SD095E,KS SD 9.5mm (Lv 1),SD 9.5mm,Pcs,24.0,120.0,2880.0,1.62,,,,4297.0,SD095E,SD,9.5,900.0,1800.0,120.0,SD 9.5X900X1800,74520.0,2024-01-01,Korea,LV_1,SD_Korea,77400.0,125388.00000000001,645.0,2024-01-16,1,3,1,2024
2506,219977,455,2024-01-16,G9,PO-Daesan-2310-02-rev1,Daesan,Sale,40,Kukdong,XKTP-240116-03,SD-9.5*900*1800,SD095E,KS SD 9.5mm (Lv 1),SD 9.5mm,Pcs,24.0,120.0,2880.0,1.62,,,,4297.0,SD095E,SD,9.5,900.0,1800.0,120.0,SD 9.5X900X1800,74520.0,2024-01-01,Korea,LV_1,SD_Korea,77400.0,125388.00000000001,645.0,2024-01-16,1,3,1,2024
2507,219978,456,2024-01-16,G9,PO-Daesan-2310-02-rev1,Daesan,Sale,40,Kukdong,XKTP-240116-04,SD-9.5*900*1800,SD095E,KS SD 9.5mm (Lv 1),SD 9.5mm,Pcs,24.0,120.0,2880.0,1.62,,,,4297.0,SD095E,SD,9.5,900.0,1800.0,120.0,SD 9.5X900X1800,74520.0,2024-01-01,Korea,LV_1,SD_Korea,77400.0,125388.00000000001,645.0,2024-01-16,1,3,1,2024
2508,219979,457,2024-01-16,G9,PO-Daesan-2310-02-rev1,Daesan,Sale,40,Kukdong,XKTP-240116-05,SD-9.5*900*1800,SD095E,KS SD 9.5mm (Lv 1),SD 9.5mm,Pcs,24.0,120.0,2880.0,1.62,,,,4297.0,SD095E,SD,9.5,900.0,1800.0,120.0,SD 9.5X900X1800,74520.0,2024-01-01,Korea,LV_1,SD_Korea,77400.0,125388.00000000001,645.0,2024-01-16,1,3,1,2024
2509,219980,458,2024-01-16,G9,PO-Daesan-2310-02-rev1,Daesan,Sale,40,Kukdong,XKTP-240116-06,SD-9.5*900*1800,SD095E,KS SD 9.5mm (Lv 1),SD 9.5mm,Pcs,24.0,120.0,2880.0,1.62,,,,4297.0,SD095E,SD,9.5,900.0,1800.0,120.0,SD 9.5X900X1800,74520.0,2024-01-01,Korea,LV_1,SD_Korea,77400.0,125388.00000000001,645.0,2024-01-16,1,3,1,2024
2510,219981,459,2024-01-16,G9,PO-Daesan-2310-02-rev1,Daesan,Sale,40,Kukdong,XKTP-240116-07,SD-9.5*900*1800,SD095E,KS SD 9.5mm (Lv 1),SD 9.5mm,Pcs,24.0,120.0,2880.0,1.62,,,,4297.0,SD095E,SD,9.5,900.0,1800.0,120.0,SD 9.5X900X1800,74520.0,2024-01-01,Korea,LV_1,SD_Korea,77400.0,125388.00000000001,645.0,2024-01-16,1,3,1,2024
2511,219982,460,2024-01-16,G9,PO-Daesan-2401-02,Daesan,Sale,40,Kukdong,XKTP-240116-08,SD-9.5*900*1800,SD095E,KS SD 9.5mm (Lv 1),SD 9.5mm,Pcs,24.0,120.0,2880.0,1.62,,,,4297.0,SD095E,SD,9.5,900.0,1800.0,120.0,SD 9.5X900X1800,74520.0,2024-01-01,Korea,LV_1,SD_Korea,77400.0,125388.00000000001,645.0,2024-01-16,1,3,1,2024
2512,219983,461,2024-01-16,G9,PO-Daesan-2401-02,Daesan,Sale,40,Kukdong,XKTP-240116-09,SD-9.5*900*1800,SD095E,KS SD 9.5mm (Lv 1),SD 9.5mm,Pcs,24.0,120.0,2880.0,1.62,,,,4297.0,SD095E,SD,9.5,900.0,1800.0,120.0,SD 9.5X900X1800,74520.0,2024-01-01,Korea,LV_1,SD_Korea,77400.0,125388.00000000001,645.0,2024-01-16,1,3,1,2024
2513,219984,462,2024-01-16,G9,PO-Daesan-2401-02,Daesan,Sale,40,Kukdong,XKTP-240116-10,SD-9.5*900*1800,SD095E,KS SD 9.5mm (Lv 1),SD 9.5mm,Pcs,24.0,120.0,2880.0,1.62,,,,4297.0,SD095E,SD,9.5,900.0,1800.0,120.0,SD 9.5X900X1800,74520.0,2024-01-01,Korea,LV_1,SD_Korea,77400.0,125388.00000000001,645.0,2024-01-16,1,3,1,2024
2514,219985,463,2024-01-16,G9,PO-Daesan-2401-02,Daesan,Sale,40,Kukdong,XKTP-240116-11,SD-9.5*900*1800,SD095E,KS SD 9.5mm (Lv 1),SD 9.5mm,Pcs,24.0,120.0,2880.0,1.62,,,,4297.0,SD095E,SD,9.5,900.0,1800.0,120.0,SD 9.5X900X1800,74520.0,2024-01-01,Korea,LV_1,SD_Korea,77400.0,125388.00000000001,645.0,2024-01-16,1,3,1,2024
2515,219986,464,2024-01-16,G9,PO-Daesan-2401-02,Daesan,Sale,40,Kukdong,XKTP-240116-12,SD-9.5*900*1800,SD095E,KS SD 9.5mm (Lv 1),SD 9.5mm,Pcs,24.0,120.0,2880.0,1.62,,,,4297.0,SD095E,SD,9.5,900.0,1800.0,120.0,SD 9.5X900X1800,74520.0,2024-01-01,Korea,LV_1,SD_Korea,77400.0,125388.00000000001,645.0,2024-01-16,1,3,1,2024
2516,219987,465,2024-01-16,G9,PO-Daesan-2401-02,Daesan,Sale,40,Kukdong,XKTP-240116-13,SD-9.5*900*1800,SD095E,KS SD 9.5mm (Lv 1),SD 9.5mm,Pcs,24.0,120.0,2880.0,1.62,,,,4297.0,SD095E,SD,9.5,900.0,1800.0,120.0,SD 9.5X900X1800,74520.0,2024-01-01,Korea,LV_1,SD_Korea,77400.0,125388.00000000001,645.0,2024-01-16,1,3,1,2024
2517,219988,466,2024-01-16,G9,PO-Daesan-2401-02,Daesan,Sale,40,Kukdong,XKTP-240116-14,SD-9.5*900*1800,SD095E,KS SD 9.5mm (Lv 1),SD 9.5mm,Pcs,24.0,120.0,2880.0,1.62,,,,4297.0,SD095E,SD,9.5,900.0,1800.0,120.0,SD 9.5X900X1800,74520.0,2024-01-01,Korea,LV_1,SD_Korea,77400.0,125388.00000000001,645.0,2024-01-16,1,3,1,2024
2518,219989,467,2024-01-16,G9,PO-Daesan-2401-02,Daesan,Sale,40,Kukdong,XKTP-240116-15,SD-9.5*900*1800,SD095E,KS SD 9.5mm (Lv 1),SD 9.5mm,Pcs,24.0,120.0,2880.0,1.62,,,,4297.0,SD095E,SD,9.5,900.0,1800.0,120.0,SD 9.5X900X1800,74520.0,2024-01-01,Korea,LV_1,SD_Korea,77400.0,125388.00000000001,645.0,2024-01-16,1,3,1,2024
2519,219990,468,2024-01-16,G9,PO-Daesan-2401-02,Daesan,Sale,40,Kukdong,XKTP-240116-16,SD-9.5*900*1800,SD095E,KS SD 9.5mm (Lv 1),SD 9.5mm,Pcs,24.0,120.0,2880.0,1.62,,,,4297.0,SD095E,SD,9.5,900.0,1800.0,120.0,SD 9.5X900X1800,74520.0,2024-01-01,Korea,LV_1,SD_Korea,77400.0,125388.00000000001,645.0,2024-01-16,1,3,1,2024
2520,219991,469,2024-01-16,G9,PO-Daesan-2401-02,Daesan,Sale,40,Kukdong,XKTP-240116-17,SD-9.5*900*1800,SD095E,KS SD 9.5mm (Lv 1),SD 9.5mm,Pcs,21.0,120.0,2520.0,1.62,,,,4297.0,SD095E,SD,9.5,900.0,1800.0,120.0,SD 9.5X900X1800,74520.0,2024-01-01,Korea,LV_1,SD_Korea,77040.0,124804.8,642.0,2024-01-16,1,3,1,2024
2521,219992,470,2024-01-16,G8,PO-Daesan-2401-02,Daesan,Sale,,,XKTP-240116-17,SD-9.5*900*1800,SD095E,KS SD 9.5mm (Lv 1),SD 9.5mm,Pcs,3.0,120.0,360.0,1.62,,,,4297.0,SD095E,SD,9.5,900.0,1800.0,120.0,SD 9.5X900X1800,74520.0,2024-01-01,Korea,LV_1,SD_Korea,74880.0,121305.6,624.0,2024-01-16,1,3,1,2024
2522,219993,471,2024-01-17,G5,SO2402,Đăng Hưng,Sale,Trailer,,XKTP-240117-01,SD-9*1220*2440,SD090H,Long 9mm (Lv 1) ,SD 9mm Long,Pcs,16.0,100.0,1600.0,2.9768,,,,4305.0,SD090H,SD,9.0,1220.0,2440.0,100.0,SD 9X1220X2440,150.0,2024-01-01,Vietnam,LV_1,SD_Viet,1750.0,5209.4,17.5,2024-01-17,1,3,1,2024
2523,219994,472,2024-01-17,,SO2402,Đăng Hưng,Sale,,,XKTP-240117-01,MR-9*1220*2440,MR090H,MR Long 9mm (Lv 1) ,MR 9mm Long,Pcs,2.0,100.0,200.0,2.9768,,,,4310.0,MR090H,MR,9.0,1220.0,2440.0,100.0,MR 9X1220X2440,60.0,2024-01-01,Vietnam,LV_1,MR_Viet,260.0,773.968,2.6,2024-01-17,1,3,1,2024
2524,219995,473,2024-01-17,G12,SO2402,Đăng Hưng,Sale,,,XKTP-240117-01,SD-9*1220*2440,SD090H,Long 9mm (Lv 1) ,SD 9mm Long,Pcs,2.0,100.0,200.0,2.9768,,,,4305.0,SD090H,SD,9.0,1220.0,2440.0,100.0,SD 9X1220X2440,150.0,2024-01-01,Vietnam,LV_1,SD_Viet,350.0,1041.8799999999999,3.5,2024-01-17,1,3,1,2024
2525,219996,474,2024-01-17,G17,SO2404,Lê Trần,Sale,Trailer,,XKTP-240117-02,SDA-12.7*1220*1830,SDA127C,SD 12.7mm (Lv 2) ,SDA12.7mm,Pcs,22.0,80.0,1760.0,2.2326,,,,4326.0,SDA127C,SDA,12.7,1220.0,1830.0,80.0,SDA 12.7X1220X1830,4160.0,2024-01-01,Vietnam,LV_2,SD_Viet,5920.0,13216.992,74.0,2024-01-17,1,3,1,2024
2526,219997,475,2024-01-17,G8,PO-Daesan-2401-02,Daesan,Sale,40,Kukdong,XKTP-240117-04,SD-9.5*900*1800,SD095E,KS SD 9.5mm (Lv 1),SD 9.5mm,Pcs,18.0,120.0,2160.0,1.62,,,,4297.0,SD095E,SD,9.5,900.0,1800.0,120.0,SD 9.5X900X1800,74520.0,2024-01-01,Korea,LV_1,SD_Korea,76680.0,124221.6,639.0,2024-01-17,1,3,1,2024
2527,219998,476,2024-01-17,G5,PO-Daesan-2401-02,Daesan,Sale,,,XKTP-240117-04,SD-9.5*900*1800,SD095E,KS SD 9.5mm (Lv 1),SD 9.5mm,Pcs,6.0,120.0,720.0,1.62,,,,4297.0,SD095E,SD,9.5,900.0,1800.0,120.0,SD 9.5X900X1800,74520.0,2024-01-01,Korea,LV_1,SD_Korea,75240.0,121888.8,627.0,2024-01-17,1,3,1,2024
2528,219999,477,2024-01-17,G5,PO-Daesan-2401-02,Daesan,Sale,40,Kukdong,XKTP-240117-05,SD-9.5*900*1800,SD095E,KS SD 9.5mm (Lv 1),SD 9.5mm,Pcs,24.0,120.0,2880.0,1.62,,,,4297.0,SD095E,SD,9.5,900.0,1800.0,120.0,SD 9.5X900X1800,74520.0,2024-01-01,Korea,LV_1,SD_Korea,77400.0,125388.00000000001,645.0,2024-01-17,1,3,1,2024
2529,220000,478,2024-01-17,G5,PO-Daesan-2401-02,Daesan,Sale,40,Kukdong,XKTP-240117-06,SD-9.5*900*1800,SD095E,KS SD 9.5mm (Lv 1),SD 9.5mm,Pcs,24.0,120.0,2880.0,1.62,,,,4297.0,SD095E,SD,9.5,900.0,1800.0,120.0,SD 9.5X900X1800,74520.0,2024-01-01,Korea,LV_1,SD_Korea,77400.0,125388.00000000001,645.0,2024-01-17,1,3,1,2024
2530,220001,479,2024-01-17,G5,PO-Daesan-2401-02,Daesan,Sale,40,Kukdong,XKTP-240117-07,SD-9.5*900*1800,SD095E,KS SD 9.5mm (Lv 1),SD 9.5mm,Pcs,24.0,120.0,2880.0,1.62,,,,4297.0,SD095E,SD,9.5,900.0,1800.0,120.0,SD 9.5X900X1800,74520.0,2024-01-01,Korea,LV_1,SD_Korea,77400.0,125388.00000000001,645.0,2024-01-17,1,3,1,2024
2531,220002,480,2024-01-17,G5,PO-Daesan-2401-02,Daesan,Sale,40,Kukdong,XKTP-240117-08,SD-9.5*900*1800,SD095E,KS SD 9.5mm (Lv 1),SD 9.5mm,Pcs,24.0,120.0,2880.0,1.62,,,,4297.0,SD095E,SD,9.5,900.0,1800.0,120.0,SD 9.5X900X1800,74520.0,2024-01-01,Korea,LV_1,SD_Korea,77400.0,125388.00000000001,645.0,2024-01-17,1,3,1,2024
2532,220003,481,2024-01-17,G5,PO-Daesan-2401-02,Daesan,Sale,40,Kukdong,XKTP-240117-09,SD-9.5*900*1800,SD095E,KS SD 9.5mm (Lv 1),SD 9.5mm,Pcs,24.0,120.0,2880.0,1.62,,,,4297.0,SD095E,SD,9.5,900.0,1800.0,120.0,SD 9.5X900X1800,74520.0,2024-01-01,Korea,LV_1,SD_Korea,77400.0,125388.00000000001,645.0,2024-01-17,1,3,1,2024
2533,220004,482,2024-01-17,G5,PO-Daesan-2401-02,Daesan,Sale,40,Kukdong,XKTP-240117-10,SD-9.5*900*1800,SD095E,KS SD 9.5mm (Lv 1),SD 9.5mm,Pcs,24.0,120.0,2880.0,1.62,,,,4297.0,SD095E,SD,9.5,900.0,1800.0,120.0,SD 9.5X900X1800,74520.0,2024-01-01,Korea,LV_1,SD_Korea,77400.0,125388.00000000001,645.0,2024-01-17,1,3,1,2024
2534,220005,483,2024-01-17,G5,PO-Daesan-2401-02,Daesan,Sale,40,Kukdong,XKTP-240117-11,SD-9.5*900*1800,SD095E,KS SD 9.5mm (Lv 1),SD 9.5mm,Pcs,24.0,120.0,2880.0,1.62,,,,4297.0,SD095E,SD,9.5,900.0,1800.0,120.0,SD 9.5X900X1800,74520.0,2024-01-01,Korea,LV_1,SD_Korea,77400.0,125388.00000000001,645.0,2024-01-17,1,3,1,2024
2535,220006,484,2024-01-17,G5,PO-Daesan-2401-02,Daesan,Sale,40,Kukdong,XKTP-240117-12,SD-12.5*900*1800,SD125E,KS SD 12.5mm (Lv 1),SD 12.5mm,Pcs,24.0,90.0,2160.0,1.62,,,,4298.0,SD125E,SD,12.5,900.0,1800.0,90.0,SD 12.5X900X1800,19800.0,2024-01-01,Korea,LV_1,SD_Korea,21960.0,35575.200000000004,244.0,2024-01-17,1,3,1,2024
2536,220007,485,2024-01-17,G5,PO-Daesan-2401-02,Daesan,Sale,40,Kukdong,XKTP-240117-13,SD-12.5*900*1800,SD125E,KS SD 12.5mm (Lv 1),SD 12.5mm,Pcs,24.0,90.0,2160.0,1.62,,,,4298.0,SD125E,SD,12.5,900.0,1800.0,90.0,SD 12.5X900X1800,19800.0,2024-01-01,Korea,LV_1,SD_Korea,21960.0,35575.200000000004,244.0,2024-01-17,1,3,1,2024
2537,220008,486,2024-01-17,G13,SO2401,H&H,Sale,40,CMI,XKTP-240117-14,FR-15.9*1220*1830,FR159C,FR 15.9mm Lv 1 (1830),FR 15.9mm,Pcs,17.0,50.0,850.0,2.2326,,,,4314.0,FR159C,FR,15.9,1220.0,1830.0,50.0,FR 15.9X1220X1830,1900.0,2024-01-01,Vietnam,LV_1,FR_Viet,2750.0,6139.650000000001,55.0,2024-01-17,1,3,1,2024
2538,220009,487,2024-01-17,G13,SO2401,H&H,Sale,40,CMI,XKTP-240117-15,FR-15.9*1220*1830,FR159C,FR 15.9mm Lv 1 (1830),FR 15.9mm,Pcs,17.0,50.0,850.0,2.2326,,,,4314.0,FR159C,FR,15.9,1220.0,1830.0,50.0,FR 15.9X1220X1830,1900.0,2024-01-01,Vietnam,LV_1,FR_Viet,2750.0,6139.650000000001,55.0,2024-01-17,1,3,1,2024
2539,220010,488,2024-01-17,G14,SO2401,H&H,Sale,40,CMI,XKTP-240117-16,FR-12.7*1220*1830,FR127C,FR 12.7mm Lv 1 (1830) ,FR 12.7mm,Pcs,18.0,60.0,1080.0,2.2326,,,,4313.0,FR127C,FR,12.7,1220.0,1830.0,60.0,FR 12.7X1220X1830,3960.0,2024-01-01,Vietnam,LV_1,FR_Viet,5040.0,11252.304,84.0,2024-01-17,1,3,1,2024
2540,220011,489,2024-01-17,G14,SO2401,H&H,Sale,40,CMI,XKTP-240117-17,FR-12.7*1220*1830,FR127C,FR 12.7mm Lv 1 (1830) ,FR 12.7mm,Pcs,18.0,60.0,1080.0,2.2326,,,,4313.0,FR127C,FR,12.7,1220.0,1830.0,60.0,FR 12.7X1220X1830,3960.0,2024-01-01,Vietnam,LV_1,FR_Viet,5040.0,11252.304,84.0,2024-01-17,1,3,1,2024
2541,220012,490,2024-01-18,G4,PO-Daesan-2401-02,Daesan,Sale,40,Kukdong,XKTP-240118-01,SD-9.5*900*1800,SD095E,KS SD 9.5mm (Lv 1),SD 9.5mm,Pcs,24.0,120.0,2880.0,1.62,,,,4297.0,SD095E,SD,9.5,900.0,1800.0,120.0,SD 9.5X900X1800,74520.0,2024-01-01,Korea,LV_1,SD_Korea,77400.0,125388.00000000001,645.0,2024-01-18,1,3,1,2024
2542,220013,491,2024-01-18,G4,PO-Daesan-2401-02,Daesan,Sale,40,Kukdong,XKTP-240118-02,SD-9.5*900*1800,SD095E,KS SD 9.5mm (Lv 1),SD 9.5mm,Pcs,24.0,120.0,2880.0,1.62,,,,4297.0,SD095E,SD,9.5,900.0,1800.0,120.0,SD 9.5X900X1800,74520.0,2024-01-01,Korea,LV_1,SD_Korea,77400.0,125388.00000000001,645.0,2024-01-18,1,3,1,2024
2543,220014,492,2024-01-18,G4,PO-Daesan-2401-02,Daesan,Sale,40,Kukdong,XKTP-240118-03,SD-9.5*900*1800,SD095E,KS SD 9.5mm (Lv 1),SD 9.5mm,Pcs,24.0,120.0,2880.0,1.62,,,,4297.0,SD095E,SD,9.5,900.0,1800.0,120.0,SD 9.5X900X1800,74520.0,2024-01-01,Korea,LV_1,SD_Korea,77400.0,125388.00000000001,645.0,2024-01-18,1,3,1,2024
2544,220015,493,2024-01-18,G4,PO-Daesan-2401-02,Daesan,Sale,40,Kukdong,XKTP-240118-04,SD-9.5*900*1800,SD095E,KS SD 9.5mm (Lv 1),SD 9.5mm,Pcs,24.0,120.0,2880.0,1.62,,,,4297.0,SD095E,SD,9.5,900.0,1800.0,120.0,SD 9.5X900X1800,74520.0,2024-01-01,Korea,LV_1,SD_Korea,77400.0,125388.00000000001,645.0,2024-01-18,1,3,1,2024
2545,220016,494,2024-01-18,G4,PO-Daesan-2401-02,Daesan,Sale,40,Kukdong,XKTP-240118-05,SD-9.5*900*1800,SD095E,KS SD 9.5mm (Lv 1),SD 9.5mm,Pcs,24.0,120.0,2880.0,1.62,,,,4297.0,SD095E,SD,9.5,900.0,1800.0,120.0,SD 9.5X900X1800,74520.0,2024-01-01,Korea,LV_1,SD_Korea,77400.0,125388.00000000001,645.0,2024-01-18,1,3,1,2024
2546,220017,495,2024-01-18,G4,PO-Daesan-2401-02,Daesan,Sale,40,Kukdong,XKTP-240118-06,SD-9.5*900*1800,SD095E,KS SD 9.5mm (Lv 1),SD 9.5mm,Pcs,24.0,120.0,2880.0,1.62,,,,4297.0,SD095E,SD,9.5,900.0,1800.0,120.0,SD 9.5X900X1800,74520.0,2024-01-01,Korea,LV_1,SD_Korea,77400.0,125388.00000000001,645.0,2024-01-18,1,3,1,2024
2547,220018,496,2024-01-18,G4,PO-Daesan-2401-02,Daesan,Sale,40,Kukdong,XKTP-240118-07,SD-9.5*900*1800,SD095E,KS SD 9.5mm (Lv 1),SD 9.5mm,Pcs,24.0,120.0,2880.0,1.62,,,,4297.0,SD095E,SD,9.5,900.0,1800.0,120.0,SD 9.5X900X1800,74520.0,2024-01-01,Korea,LV_1,SD_Korea,77400.0,125388.00000000001,645.0,2024-01-18,1,3,1,2024
2548,220019,497,2024-01-18,G4,PO-Daesan-2401-02,Daesan,Sale,40,Kukdong,XKTP-240118-08,SD-9.5*900*1800,SD095E,KS SD 9.5mm (Lv 1),SD 9.5mm,Pcs,24.0,120.0,2880.0,1.62,,,,4297.0,SD095E,SD,9.5,900.0,1800.0,120.0,SD 9.5X900X1800,74520.0,2024-01-01,Korea,LV_1,SD_Korea,77400.0,125388.00000000001,645.0,2024-01-18,1,3,1,2024
2549,220020,498,2024-01-18,G4,PO-Daesan-2401-02,Daesan,Sale,40,Kukdong,XKTP-240118-09,SD-9.5*900*1800,SD095E,KS SD 9.5mm (Lv 1),SD 9.5mm,Pcs,24.0,120.0,2880.0,1.62,,,,4297.0,SD095E,SD,9.5,900.0,1800.0,120.0,SD 9.5X900X1800,74520.0,2024-01-01,Korea,LV_1,SD_Korea,77400.0,125388.00000000001,645.0,2024-01-18,1,3,1,2024
2550,220021,499,2024-01-18,G4,PO-Daesan-2401-02,Daesan,Sale,40,Kukdong,XKTP-240118-10,SD-9.5*900*1800,SD095E,KS SD 9.5mm (Lv 1),SD 9.5mm,Pcs,24.0,120.0,2880.0,1.62,,,,4297.0,SD095E,SD,9.5,900.0,1800.0,120.0,SD 9.5X900X1800,74520.0,2024-01-01,Korea,LV_1,SD_Korea,77400.0,125388.00000000001,645.0,2024-01-18,1,3,1,2024
2551,220022,500,2024-01-18,G4,PO-Daesan-2401-02,Daesan,Sale,40,Kukdong,XKTP-240118-11,SD-9.5*900*1800,SD095E,KS SD 9.5mm (Lv 1),SD 9.5mm,Pcs,24.0,120.0,2880.0,1.62,,,,4297.0,SD095E,SD,9.5,900.0,1800.0,120.0,SD 9.5X900X1800,74520.0,2024-01-01,Korea,LV_1,SD_Korea,77400.0,125388.00000000001,645.0,2024-01-18,1,3,1,2024
2552,220023,501,2024-01-18,G4,PO-Daesan-2401-02,Daesan,Sale,40,Kukdong,XKTP-240118-12,SD-9.5*900*1800,SD095E,KS SD 9.5mm (Lv 1),SD 9.5mm,Pcs,24.0,120.0,2880.0,1.62,,,,4297.0,SD095E,SD,9.5,900.0,1800.0,120.0,SD 9.5X900X1800,74520.0,2024-01-01,Korea,LV_1,SD_Korea,77400.0,125388.00000000001,645.0,2024-01-18,1,3,1,2024
2553,220024,502,2024-01-18,G10,PO-Daesan-2401-02,Daesan,Sale,40,Kukdong,XKTP-240118-13,AM-9.5*900*2550,AM095Q,KS AM 9.5x25500x900 (Lv1),AM 9.5mm,Pcs,16.0,120.0,1920.0,2.295,,,,4342.0,AM095Q,AM,9.5,900.0,2550.0,120.0,AM 9.5X900X2550,28560.0,2024-01-01,Korea,LV_1,AM_Korea,30480.0,69951.59999999999,254.0,2024-01-18,1,3,1,2024
2554,220025,503,2024-01-18,G10,PO-Daesan-2401-02,Daesan,Sale,40,Kukdong,XKTP-240118-14,AM-9.5*900*2550,AM095Q,KS AM 9.5x25500x900 (Lv1),AM 9.5mm,Pcs,16.0,120.0,1920.0,2.295,,,,4342.0,AM095Q,AM,9.5,900.0,2550.0,120.0,AM 9.5X900X2550,28560.0,2024-01-01,Korea,LV_1,AM_Korea,30480.0,69951.59999999999,254.0,2024-01-18,1,3,1,2024
2555,220026,504,2024-01-18,G10,PO-Daesan-2401-02,Daesan,Sale,40,Kukdong,XKTP-240118-15,AM-9.5*900*2550,AM095Q,KS AM 9.5x25500x900 (Lv1),AM 9.5mm,Pcs,16.0,120.0,1920.0,2.295,,,,4342.0,AM095Q,AM,9.5,900.0,2550.0,120.0,AM 9.5X900X2550,28560.0,2024-01-01,Korea,LV_1,AM_Korea,30480.0,69951.59999999999,254.0,2024-01-18,1,3,1,2024
2556,220027,505,2024-01-18,G10,PO-Daesan-2401-02,Daesan,Sale,40,Kukdong,XKTP-240118-16,AM-9.5*900*2550,AM095Q,KS AM 9.5x25500x900 (Lv1),AM 9.5mm,Pcs,16.0,120.0,1920.0,2.295,,,,4342.0,AM095Q,AM,9.5,900.0,2550.0,120.0,AM 9.5X900X2550,28560.0,2024-01-01,Korea,LV_1,AM_Korea,30480.0,69951.59999999999,254.0,2024-01-18,1,3,1,2024
2557,220028,506,2024-01-18,G13,SO2401,Lê Trần,Sale,Trailer,,XKTP-240118-17,SD-9*1220*2440,SD090H,Long 9mm (Lv 1) ,SD 9mm Long,Pcs,18.0,100.0,1800.0,2.9768,,,,4305.0,SD090H,SD,9.0,1220.0,2440.0,100.0,SD 9X1220X2440,150.0,2024-01-01,Vietnam,LV_1,SD_Viet,1950.0,5804.76,19.5,2024-01-18,1,3,1,2024
2558,220029,507,2024-01-19,G13,SO2405,Lê Trần,Sale,Trailer,,XKTP-240119-01,SD-9*1220*2440,SD090H,Long 9mm (Lv 1) ,SD 9mm Long,Pcs,20.0,100.0,2000.0,2.9768,,,,4305.0,SD090H,SD,9.0,1220.0,2440.0,100.0,SD 9X1220X2440,150.0,2024-01-01,Vietnam,LV_1,SD_Viet,2150.0,6400.12,21.5,2024-01-19,1,3,1,2024
2559,220030,508,2024-01-19,G10,SO2402,H&H,Sale,Trailer,,XKTP-240119-02,FR-12.7*1220*1830,FR127C,FR 12.7mm Lv 1 (1830) ,FR 12.7mm,Pcs,21.0,60.0,1260.0,2.2326,,,,4313.0,FR127C,FR,12.7,1220.0,1830.0,60.0,FR 12.7X1220X1830,3960.0,2024-01-01,Vietnam,LV_1,FR_Viet,5220.0,11654.172,87.0,2024-01-19,1,3,1,2024
2560,220031,509,2024-01-19,G13,SO2403,Deco Vina,Sale,Truck,,XKTP-240119-03,FR-15.9*1220*1830,FR159C,FR 15.9mm Lv 1 (1830),FR 15.9mm,Pcs,1.0,50.0,50.0,2.2326,,,,4314.0,FR159C,FR,15.9,1220.0,1830.0,50.0,FR 15.9X1220X1830,1900.0,2024-01-01,Vietnam,LV_1,FR_Viet,1950.0,4353.570000000001,39.0,2024-01-19,1,3,1,2024
2561,220032,510,2024-01-19,G12,SO2401,Deco Vina,Sale,40,TMS,XKTP-240119-04,FR-9*1220*2200,FR090K,FR 9mm Lv 1 (2200),FR 9mm,Pcs,15.0,80.0,1200.0,2.684,,,,4318.0,FR090K,FR,9.0,1220.0,2200.0,80.0,FR 9X1220X2200,0.0,2024-01-01,Vietnam,LV_1,FR_Viet,1200.0,3220.8,15.0,2024-01-19,1,3,1,2024
2562,220033,511,2024-01-19,G4,"KR-SPR-PO-2311-004
KR-SPR-PO-2311-005",Soo Pull Rim,Sale,40,Kukdong,XKTP-240119-05,SD-9.5*900*1800,SD095E,KS SD 9.5mm (Lv 1),SD 9.5mm,Pcs,24.0,120.0,2880.0,1.62,,,,4297.0,SD095E,SD,9.5,900.0,1800.0,120.0,SD 9.5X900X1800,74520.0,2024-01-01,Korea,LV_1,SD_Korea,77400.0,125388.00000000001,645.0,2024-01-19,1,3,1,2024
2563,220034,512,2024-01-19,G4,"KR-SPR-PO-2311-004
KR-SPR-PO-2311-005",Soo Pull Rim,Sale,40,Kukdong,XKTP-240119-06,SD-9.5*900*1800,SD095E,KS SD 9.5mm (Lv 1),SD 9.5mm,Pcs,24.0,120.0,2880.0,1.62,,,,4297.0,SD095E,SD,9.5,900.0,1800.0,120.0,SD 9.5X900X1800,74520.0,2024-01-01,Korea,LV_1,SD_Korea,77400.0,125388.00000000001,645.0,2024-01-19,1,3,1,2024
2564,220035,513,2024-01-19,G4,"KR-SPR-PO-2311-004
KR-SPR-PO-2311-005",Soo Pull Rim,Sale,40,Kukdong,XKTP-240119-07,SD-9.5*900*1800,SD095E,KS SD 9.5mm (Lv 1),SD 9.5mm,Pcs,24.0,120.0,2880.0,1.62,,,,4297.0,SD095E,SD,9.5,900.0,1800.0,120.0,SD 9.5X900X1800,74520.0,2024-01-01,Korea,LV_1,SD_Korea,77400.0,125388.00000000001,645.0,2024-01-19,1,3,1,2024
2565,220036,514,2024-01-19,G4,"KR-SPR-PO-2311-004
KR-SPR-PO-2311-005",Soo Pull Rim,Sale,40,Kukdong,XKTP-240119-08,SD-9.5*900*1800,SD095E,KS SD 9.5mm (Lv 1),SD 9.5mm,Pcs,24.0,120.0,2880.0,1.62,,,,4297.0,SD095E,SD,9.5,900.0,1800.0,120.0,SD 9.5X900X1800,74520.0,2024-01-01,Korea,LV_1,SD_Korea,77400.0,125388.00000000001,645.0,2024-01-19,1,3,1,2024
2566,220037,515,2024-01-19,G4,"KR-SPR-PO-2311-004
KR-SPR-PO-2311-005",Soo Pull Rim,Sale,40,Kukdong,XKTP-240119-09,SD-9.5*900*1800,SD095E,KS SD 9.5mm (Lv 1),SD 9.5mm,Pcs,24.0,120.0,2880.0,1.62,,,,4297.0,SD095E,SD,9.5,900.0,1800.0,120.0,SD 9.5X900X1800,74520.0,2024-01-01,Korea,LV_1,SD_Korea,77400.0,125388.00000000001,645.0,2024-01-19,1,3,1,2024
2567,220038,516,2024-01-19,G4,"KR-SPR-PO-2311-004
KR-SPR-PO-2311-005",Soo Pull Rim,Sale,40,Kukdong,XKTP-240119-10,SD-9.5*900*1800,SD095E,KS SD 9.5mm (Lv 1),SD 9.5mm,Pcs,24.0,120.0,2880.0,1.62,,,,4297.0,SD095E,SD,9.5,900.0,1800.0,120.0,SD 9.5X900X1800,74520.0,2024-01-01,Korea,LV_1,SD_Korea,77400.0,125388.00000000001,645.0,2024-01-19,1,3,1,2024
2568,220039,517,2024-01-19,G4,"KR-SPR-PO-2311-004
KR-SPR-PO-2311-005",Soo Pull Rim,Sale,40,Kukdong,XKTP-240119-11,SD-9.5*900*1800,SD095E,KS SD 9.5mm (Lv 1),SD 9.5mm,Pcs,24.0,120.0,2880.0,1.62,,,,4297.0,SD095E,SD,9.5,900.0,1800.0,120.0,SD 9.5X900X1800,74520.0,2024-01-01,Korea,LV_1,SD_Korea,77400.0,125388.00000000001,645.0,2024-01-19,1,3,1,2024
2569,220040,518,2024-01-19,G4,"KR-SPR-PO-2311-004
KR-SPR-PO-2311-005",Soo Pull Rim,Sale,40,Kukdong,XKTP-240119-12,SD-9.5*900*1800,SD095E,KS SD 9.5mm (Lv 1),SD 9.5mm,Pcs,24.0,120.0,2880.0,1.62,,,,4297.0,SD095E,SD,9.5,900.0,1800.0,120.0,SD 9.5X900X1800,74520.0,2024-01-01,Korea,LV_1,SD_Korea,77400.0,125388.00000000001,645.0,2024-01-19,1,3,1,2024
2570,220041,519,2024-01-19,G4,"KR-SPR-PO-2311-004
KR-SPR-PO-2311-005",Soo Pull Rim,Sale,40,Kukdong,XKTP-240119-13,SD-9.5*900*1800,SD095E,KS SD 9.5mm (Lv 1),SD 9.5mm,Pcs,24.0,120.0,2880.0,1.62,,,,4297.0,SD095E,SD,9.5,900.0,1800.0,120.0,SD 9.5X900X1800,74520.0,2024-01-01,Korea,LV_1,SD_Korea,77400.0,125388.00000000001,645.0,2024-01-19,1,3,1,2024
2571,220042,520,2024-01-19,G4,"KR-SPR-PO-2311-004
KR-SPR-PO-2311-005",Soo Pull Rim,Sale,40,Kukdong,XKTP-240119-14,SD-9.5*900*1800,SD095E,KS SD 9.5mm (Lv 1),SD 9.5mm,Pcs,18.0,120.0,2160.0,1.62,,,,4297.0,SD095E,SD,9.5,900.0,1800.0,120.0,SD 9.5X900X1800,74520.0,2024-01-01,Korea,LV_1,SD_Korea,76680.0,124221.6,639.0,2024-01-19,1,3,1,2024
2572,220043,521,2024-01-19,G9,"KR-SPR-PO-2311-004
KR-SPR-PO-2311-005",Soo Pull Rim,Sale,,,XKTP-240119-14,MR-9.5*900*1800,MR095E,KS MR 9.5mm (Lv 1),MR 9.5mm,Pcs,6.0,120.0,720.0,1.62,,,,4300.0,MR095E,MR,9.5,900.0,1800.0,120.0,MR 9.5X900X1800,18960.0,2024-01-01,Korea,LV_1,MR_Korea,19680.0,31881.600000000002,164.0,2024-01-19,1,3,1,2024
2573,220044,522,2024-01-22,G5,PO-DYMS-2311-02,Dongyeung,Sale,40,Kukdong,XKTP-240120-01,SD-9.5*900*1800,SD095E,KS SD 9.5mm (Lv 1),SD 9.5mm,Pcs,24.0,120.0,2880.0,1.62,,,,4297.0,SD095E,SD,9.5,900.0,1800.0,120.0,SD 9.5X900X1800,74520.0,2024-01-01,Korea,LV_1,SD_Korea,77400.0,125388.00000000001,645.0,2024-01-22,1,4,1,2024
2574,220045,523,2024-01-22,G5,PO-DYMS-2311-02,Dongyeung,Sale,40,Kukdong,XKTP-240120-02,SD-9.5*900*1800,SD095E,KS SD 9.5mm (Lv 1),SD 9.5mm,Pcs,24.0,120.0,2880.0,1.62,,,,4297.0,SD095E,SD,9.5,900.0,1800.0,120.0,SD 9.5X900X1800,74520.0,2024-01-01,Korea,LV_1,SD_Korea,77400.0,125388.00000000001,645.0,2024-01-22,1,4,1,2024
2575,220046,524,2024-01-22,G5,PO-DYMS-2311-02,Dongyeung,Sale,40,Kukdong,XKTP-240120-03,SD-9.5*900*1800,SD095E,KS SD 9.5mm (Lv 1),SD 9.5mm,Pcs,24.0,120.0,2880.0,1.62,,,,4297.0,SD095E,SD,9.5,900.0,1800.0,120.0,SD 9.5X900X1800,74520.0,2024-01-01,Korea,LV_1,SD_Korea,77400.0,125388.00000000001,645.0,2024-01-22,1,4,1,2024
2576,220047,525,2024-01-22,G5,PO-DYMS-2311-02,Dongyeung,Sale,40,Kukdong,XKTP-240120-04,SD-9.5*900*1800,SD095E,KS SD 9.5mm (Lv 1),SD 9.5mm,Pcs,24.0,120.0,2880.0,1.62,,,,4297.0,SD095E,SD,9.5,900.0,1800.0,120.0,SD 9.5X900X1800,74520.0,2024-01-01,Korea,LV_1,SD_Korea,77400.0,125388.00000000001,645.0,2024-01-22,1,4,1,2024
2577,220048,526,2024-01-22,G5,PO-DYMS-2311-02,Dongyeung,Sale,40,Kukdong,XKTP-240120-05,SD-9.5*900*1800,SD095E,KS SD 9.5mm (Lv 1),SD 9.5mm,Pcs,24.0,120.0,2880.0,1.62,,,,4297.0,SD095E,SD,9.5,900.0,1800.0,120.0,SD 9.5X900X1800,74520.0,2024-01-01,Korea,LV_1,SD_Korea,77400.0,125388.00000000001,645.0,2024-01-22,1,4,1,2024
2578,220049,527,2024-01-22,G5,PO-Daesan-2401-03,Daesan,Sale,40,Kukdong,XKTP-240120-06,AM-9.5*900*2550,AM095Q,KS AM 9.5x25500x900 (Lv1),AM 9.5mm,Pcs,16.0,120.0,1920.0,2.295,,,,4342.0,AM095Q,AM,9.5,900.0,2550.0,120.0,AM 9.5X900X2550,28560.0,2024-01-01,Korea,LV_1,AM_Korea,30480.0,69951.59999999999,254.0,2024-01-22,1,4,1,2024
2579,220050,528,2024-01-22,G5,PO-Daesan-2401-03,Daesan,Sale,40,Kukdong,XKTP-240120-07,AM-9.5*900*2550,AM095Q,KS AM 9.5x25500x900 (Lv1),AM 9.5mm,Pcs,16.0,120.0,1920.0,2.295,,,,4342.0,AM095Q,AM,9.5,900.0,2550.0,120.0,AM 9.5X900X2550,28560.0,2024-01-01,Korea,LV_1,AM_Korea,30480.0,69951.59999999999,254.0,2024-01-22,1,4,1,2024
2580,220051,529,2024-01-22,G5,PO-Daesan-2401-03,Daesan,Sale,40,Kukdong,XKTP-240120-08,AM-9.5*900*2780,AM095P,KS AM 9.5x2780x900 (Lv1),AM 9.5mm,Pcs,16.0,120.0,1920.0,2.502,,,,4338.0,AM095P,AM,9.5,900.0,2780.0,120.0,AM 9.5X900X2780,27120.0,2024-01-01,Korea,LV_1,AM_Korea,29040.0,72658.07999999999,242.0,2024-01-22,1,4,1,2024
2581,220052,530,2024-01-22,G5,PO-Daesan-2401-03,Daesan,Sale,40,Kukdong,XKTP-240120-09,AM-9.5*900*2780,AM095P,KS AM 9.5x2780x900 (Lv1),AM 9.5mm,Pcs,16.0,120.0,1920.0,2.502,,,,4338.0,AM095P,AM,9.5,900.0,2780.0,120.0,AM 9.5X900X2780,27120.0,2024-01-01,Korea,LV_1,AM_Korea,29040.0,72658.07999999999,242.0,2024-01-22,1,4,1,2024
2582,220053,531,2024-01-22,G5,PO-Daesan-2401-03,Daesan,Sale,40,Kukdong,XKTP-240120-10,AM-9.5*900*2780,AM095P,KS AM 9.5x2780x900 (Lv1),AM 9.5mm,Pcs,16.0,120.0,1920.0,2.502,,,,4338.0,AM095P,AM,9.5,900.0,2780.0,120.0,AM 9.5X900X2780,27120.0,2024-01-01,Korea,LV_1,AM_Korea,29040.0,72658.07999999999,242.0,2024-01-22,1,4,1,2024
2583,220054,532,2024-01-22,G5,PO-Daesan-2401-03,Daesan,Sale,40,Kukdong,XKTP-240120-11,AM-9.5*900*2780,AM095P,KS AM 9.5x2780x900 (Lv1),AM 9.5mm,Pcs,16.0,120.0,1920.0,2.502,,,,4338.0,AM095P,AM,9.5,900.0,2780.0,120.0,AM 9.5X900X2780,27120.0,2024-01-01,Korea,LV_1,AM_Korea,29040.0,72658.07999999999,242.0,2024-01-22,1,4,1,2024
2584,220055,533,2024-01-22,G13,SO24003,Đăng Hưng,Sale,Trailer,,XKTP-240120-12,SD-9*1220*2440,SD090H,Long 9mm (Lv 1) ,SD 9mm Long,Pcs,16.0,100.0,1600.0,2.9768,,,,4305.0,SD090H,SD,9.0,1220.0,2440.0,100.0,SD 9X1220X2440,150.0,2024-01-01,Vietnam,LV_1,SD_Viet,1750.0,5209.4,17.5,2024-01-22,1,4,1,2024
2585,220056,534,2024-01-22,G14,SO24003,Đăng Hưng,Sale,,,XKTP-240120-12,SD-12.7*1220*1830,SD127C,SD 12.7mm (Lv 1) ,SD 12.7mm,Pcs,3.0,80.0,240.0,2.2326,,,,4308.0,SD127C,SD,12.7,1220.0,1830.0,80.0,SD 12.7X1220X1830,40320.0,2024-01-01,Vietnam,LV_1,SD_Viet,40560.0,90554.25600000001,507.0,2024-01-22,1,4,1,2024
2586,220057,535,2024-01-23,G13,SO2406,Lê Trần,Sale,Trailer,,XKTP-240123-01,SDA-9*1220*2440,SDA090H,Long 9mm (Lv 2) ,SDA 9mm Long,Pcs,20.0,100.0,2000.0,2.9768,,,,4324.0,SDA090H,SDA,9.0,1220.0,2440.0,100.0,SDA 9X1220X2440,0.0,2024-01-01,Vietnam,LV_2,SD_Viet,2000.0,5953.599999999999,20.0,2024-01-23,1,4,1,2024
2587,220058,536,2024-01-23,G9,PO-Daesan-2401-03,Daesan,Sale,40,Kukdong,XKTP-240123-02,SD-9.5*900*1800,SD095E,KS SD 9.5mm (Lv 1),SD 9.5mm,Pcs,24.0,120.0,2880.0,1.62,,,,4297.0,SD095E,SD,9.5,900.0,1800.0,120.0,SD 9.5X900X1800,74520.0,2024-01-01,Korea,LV_1,SD_Korea,77400.0,125388.00000000001,645.0,2024-01-23,1,4,1,2024
2588,220059,537,2024-01-23,G9,PO-Daesan-2401-03,Daesan,Sale,40,Kukdong,XKTP-240123-03,SD-9.5*900*1800,SD095E,KS SD 9.5mm (Lv 1),SD 9.5mm,Pcs,24.0,120.0,2880.0,1.62,,,,4297.0,SD095E,SD,9.5,900.0,1800.0,120.0,SD 9.5X900X1800,74520.0,2024-01-01,Korea,LV_1,SD_Korea,77400.0,125388.00000000001,645.0,2024-01-23,1,4,1,2024
2589,220060,538,2024-01-23,G9,PO-Daesan-2401-03,Daesan,Sale,40,Kukdong,XKTP-240123-04,SD-9.5*900*1800,SD095E,KS SD 9.5mm (Lv 1),SD 9.5mm,Pcs,24.0,120.0,2880.0,1.62,,,,4297.0,SD095E,SD,9.5,900.0,1800.0,120.0,SD 9.5X900X1800,74520.0,2024-01-01,Korea,LV_1,SD_Korea,77400.0,125388.00000000001,645.0,2024-01-23,1,4,1,2024
2590,220061,539,2024-01-23,G9,PO-Daesan-2401-03,Daesan,Sale,40,Kukdong,XKTP-240123-05,SD-9.5*900*1800,SD095E,KS SD 9.5mm (Lv 1),SD 9.5mm,Pcs,24.0,120.0,2880.0,1.62,,,,4297.0,SD095E,SD,9.5,900.0,1800.0,120.0,SD 9.5X900X1800,74520.0,2024-01-01,Korea,LV_1,SD_Korea,77400.0,125388.00000000001,645.0,2024-01-23,1,4,1,2024
2591,220062,540,2024-01-23,G9,PO-Daesan-2401-03,Daesan,Sale,40,Kukdong,XKTP-240123-06,SD-9.5*900*1800,SD095E,KS SD 9.5mm (Lv 1),SD 9.5mm,Pcs,24.0,120.0,2880.0,1.62,,,,4297.0,SD095E,SD,9.5,900.0,1800.0,120.0,SD 9.5X900X1800,74520.0,2024-01-01,Korea,LV_1,SD_Korea,77400.0,125388.00000000001,645.0,2024-01-23,1,4,1,2024
2592,220063,541,2024-01-23,G9,PO-Daesan-2401-03,Daesan,Sale,40,Kukdong,XKTP-240123-07,SD-9.5*900*1800,SD095E,KS SD 9.5mm (Lv 1),SD 9.5mm,Pcs,24.0,120.0,2880.0,1.62,,,,4297.0,SD095E,SD,9.5,900.0,1800.0,120.0,SD 9.5X900X1800,74520.0,2024-01-01,Korea,LV_1,SD_Korea,77400.0,125388.00000000001,645.0,2024-01-23,1,4,1,2024
2593,220064,542,2024-01-23,G9,PO-Daesan-2401-03,Daesan,Sale,40,Kukdong,XKTP-240123-08,SD-9.5*900*1800,SD095E,KS SD 9.5mm (Lv 1),SD 9.5mm,Pcs,24.0,120.0,2880.0,1.62,,,,4297.0,SD095E,SD,9.5,900.0,1800.0,120.0,SD 9.5X900X1800,74520.0,2024-01-01,Korea,LV_1,SD_Korea,77400.0,125388.00000000001,645.0,2024-01-23,1,4,1,2024
2594,220065,543,2024-01-23,G9,PO-Daesan-2401-03,Daesan,Sale,40,Kukdong,XKTP-240123-09,SD-9.5*900*1800,SD095E,KS SD 9.5mm (Lv 1),SD 9.5mm,Pcs,24.0,120.0,2880.0,1.62,,,,4297.0,SD095E,SD,9.5,900.0,1800.0,120.0,SD 9.5X900X1800,74520.0,2024-01-01,Korea,LV_1,SD_Korea,77400.0,125388.00000000001,645.0,2024-01-23,1,4,1,2024
2595,220066,544,2024-01-23,G9,PO-Daesan-2401-03,Daesan,Sale,40,Kukdong,XKTP-240123-10,SD-9.5*900*1800,SD095E,KS SD 9.5mm (Lv 1),SD 9.5mm,Pcs,24.0,120.0,2880.0,1.62,,,,4297.0,SD095E,SD,9.5,900.0,1800.0,120.0,SD 9.5X900X1800,74520.0,2024-01-01,Korea,LV_1,SD_Korea,77400.0,125388.00000000001,645.0,2024-01-23,1,4,1,2024
2596,220067,545,2024-01-23,G9,PO-Daesan-2401-03,Daesan,Sale,40,Kukdong,XKTP-240123-11,SD-9.5*900*1800,SD095E,KS SD 9.5mm (Lv 1),SD 9.5mm,Pcs,24.0,120.0,2880.0,1.62,,,,4297.0,SD095E,SD,9.5,900.0,1800.0,120.0,SD 9.5X900X1800,74520.0,2024-01-01,Korea,LV_1,SD_Korea,77400.0,125388.00000000001,645.0,2024-01-23,1,4,1,2024
2597,220068,546,2024-01-23,G9,PO-Daesan-2401-03,Daesan,Sale,40,Kukdong,XKTP-240123-12,SD-9.5*900*1800,SD095E,KS SD 9.5mm (Lv 1),SD 9.5mm,Pcs,24.0,120.0,2880.0,1.62,,,,4297.0,SD095E,SD,9.5,900.0,1800.0,120.0,SD 9.5X900X1800,74520.0,2024-01-01,Korea,LV_1,SD_Korea,77400.0,125388.00000000001,645.0,2024-01-23,1,4,1,2024
2598,220069,547,2024-01-23,G9,PO-Daesan-2401-03,Daesan,Sale,40,Kukdong,XKTP-240123-13,SD-9.5*900*1800,SD095E,KS SD 9.5mm (Lv 1),SD 9.5mm,Pcs,24.0,120.0,2880.0,1.62,,,,4297.0,SD095E,SD,9.5,900.0,1800.0,120.0,SD 9.5X900X1800,74520.0,2024-01-01,Korea,LV_1,SD_Korea,77400.0,125388.00000000001,645.0,2024-01-23,1,4,1,2024
2599,220070,548,2024-01-23,G9,PO-Daesan-2401-03,Daesan,Sale,40,Kukdong,XKTP-240123-14,SD-9.5*900*1800,SD095E,KS SD 9.5mm (Lv 1),SD 9.5mm,Pcs,24.0,120.0,2880.0,1.62,,,,4297.0,SD095E,SD,9.5,900.0,1800.0,120.0,SD 9.5X900X1800,74520.0,2024-01-01,Korea,LV_1,SD_Korea,77400.0,125388.00000000001,645.0,2024-01-23,1,4,1,2024
2600,220071,549,2024-01-23,G9,PO-Daesan-2401-03,Daesan,Sale,40,Kukdong,XKTP-240123-15,SD-9.5*900*1800,SD095E,KS SD 9.5mm (Lv 1),SD 9.5mm,Pcs,24.0,120.0,2880.0,1.62,,,,4297.0,SD095E,SD,9.5,900.0,1800.0,120.0,SD 9.5X900X1800,74520.0,2024-01-01,Korea,LV_1,SD_Korea,77400.0,125388.00000000001,645.0,2024-01-23,1,4,1,2024
2601,220072,550,2024-01-23,G7,PO-Daesan-2401-03,Daesan,Sale,40,Kukdong,XKTP-240123-16,SD-9.5*900*1800,SD095E,KS SD 9.5mm (Lv 1),SD 9.5mm,Pcs,22.0,120.0,2640.0,1.62,,,,4297.0,SD095E,SD,9.5,900.0,1800.0,120.0,SD 9.5X900X1800,74520.0,2024-01-01,Korea,LV_1,SD_Korea,77160.0,124999.20000000001,643.0,2024-01-23,1,4,1,2024
2602,220073,551,2024-01-23,G9,PO-Daesan-2401-03,Daesan,Sale,,,XKTP-240123-16,SD-9.5*900*1800,SD095E,KS SD 9.5mm (Lv 1),SD 9.5mm,Pcs,2.0,120.0,240.0,1.62,,,,4297.0,SD095E,SD,9.5,900.0,1800.0,120.0,SD 9.5X900X1800,74520.0,2024-01-01,Korea,LV_1,SD_Korea,74760.0,121111.20000000001,623.0,2024-01-23,1,4,1,2024
2603,220074,552,2024-01-24,G13,SO2404,Đăng Hưng,Sale,Trailer,,XKTP-240124-01,SD-9*1220*2440,SD090H,Long 9mm (Lv 1) ,SD 9mm Long,Pcs,18.0,100.0,1800.0,2.9768,5358.24,,,4305.0,SD090H,SD,9.0,1220.0,2440.0,100.0,SD 9X1220X2440,150.0,2024-01-01,Vietnam,LV_1,SD_Viet,1950.0,5804.76,19.5,2024-01-24,1,4,1,2024
2604,220075,553,2024-01-24,G10A,SO2404,Đăng Hưng,Sale,,,XKTP-240124-01,MR-9*1220*1830,MR090C,MR 9mm (Lv 1),MR 9mm,Pcs,2.0,102.0,204.0,2.2326,455.45,,,4309.0,MR090C,MR,9.0,1220.0,1830.0,102.0,MR 9X1220X1830,1632.0,2024-01-01,Vietnam,LV_1,MR_Viet,1836.0,4099.0536,18.0,2024-01-24,1,4,1,2024
2605,220076,554,2024-01-24,G5,PO-Daesan-2401-03,Daesan,Sale,40,Kukdong,XKTP-240124-02,AM-9.5*900*2550,AM095Q,KS AM 9.5x25500x900 (Lv1),AM 9.5mm,Pcs,16.0,120.0,1920.0,2.295,4406.4,,,4342.0,AM095Q,AM,9.5,900.0,2550.0,120.0,AM 9.5X900X2550,28560.0,2024-01-01,Korea,LV_1,AM_Korea,30480.0,69951.59999999999,254.0,2024-01-24,1,4,1,2024
2606,220077,555,2024-01-24,G5,PO-Daesan-2401-03,Daesan,Sale,40,Kukdong,XKTP-240124-03,AM-9.5*900*2550,AM095Q,KS AM 9.5x25500x900 (Lv1),AM 9.5mm,Pcs,16.0,120.0,1920.0,2.295,4406.4,,,4342.0,AM095Q,AM,9.5,900.0,2550.0,120.0,AM 9.5X900X2550,28560.0,2024-01-01,Korea,LV_1,AM_Korea,30480.0,69951.59999999999,254.0,2024-01-24,1,4,1,2024
2607,220078,556,2024-01-24,G5,PO-Daesan-2401-03,Daesan,Sale,40,Kukdong,XKTP-240124-04,AM-9.5*900*2780,AM095P,KS AM 9.5x2780x900 (Lv1),AM 9.5mm,Pcs,16.0,120.0,1920.0,2.502,4803.84,,,4338.0,AM095P,AM,9.5,900.0,2780.0,120.0,AM 9.5X900X2780,27120.0,2024-01-01,Korea,LV_1,AM_Korea,29040.0,72658.07999999999,242.0,2024-01-24,1,4,1,2024
2608,220079,557,2024-01-24,G5,PO-Daesan-2401-03,Daesan,Sale,40,Kukdong,XKTP-240124-05,AM-9.5*900*2780,AM095P,KS AM 9.5x2780x900 (Lv1),AM 9.5mm,Pcs,16.0,120.0,1920.0,2.502,4803.84,,,4338.0,AM095P,AM,9.5,900.0,2780.0,120.0,AM 9.5X900X2780,27120.0,2024-01-01,Korea,LV_1,AM_Korea,29040.0,72658.07999999999,242.0,2024-01-24,1,4,1,2024
2609,220080,558,2024-01-24,G5,PO-Daesan-2401-03,Daesan,Sale,40,Kukdong,XKTP-240124-06,AM-9.5*900*2780,AM095P,KS AM 9.5x2780x900 (Lv1),AM 9.5mm,Pcs,16.0,120.0,1920.0,2.502,4803.84,,,4338.0,AM095P,AM,9.5,900.0,2780.0,120.0,AM 9.5X900X2780,27120.0,2024-01-01,Korea,LV_1,AM_Korea,29040.0,72658.07999999999,242.0,2024-01-24,1,4,1,2024
2610,220081,559,2024-01-24,G3,PO-Daesan-2401-03,Daesan,Sale,40,Kukdong,XKTP-240124-07,AM-9.5*900*2780,AM095P,KS AM 9.5x2780x900 (Lv1),AM 9.5mm,Pcs,16.0,120.0,1920.0,2.502,4803.84,,,4338.0,AM095P,AM,9.5,900.0,2780.0,120.0,AM 9.5X900X2780,27120.0,2024-01-01,Korea,LV_1,AM_Korea,29040.0,72658.07999999999,242.0,2024-01-24,1,4,1,2024
2611,220082,560,2024-01-24,G3,PO-Daesan-2401-03,Daesan,Sale,40,Kukdong,XKTP-240124-08,SD-9.5*900*1800,SD095E,KS SD 9.5mm (Lv 1),SD 9.5mm,Pcs,24.0,120.0,2880.0,1.62,4665.6,,,4297.0,SD095E,SD,9.5,900.0,1800.0,120.0,SD 9.5X900X1800,74520.0,2024-01-01,Korea,LV_1,SD_Korea,77400.0,125388.00000000001,645.0,2024-01-24,1,4,1,2024
2612,220083,561,2024-01-24,G3,PO-Daesan-2401-03,Daesan,Sale,40,Kukdong,XKTP-240124-09,SD-9.5*900*1800,SD095E,KS SD 9.5mm (Lv 1),SD 9.5mm,Pcs,24.0,120.0,2880.0,1.62,4665.6,,,4297.0,SD095E,SD,9.5,900.0,1800.0,120.0,SD 9.5X900X1800,74520.0,2024-01-01,Korea,LV_1,SD_Korea,77400.0,125388.00000000001,645.0,2024-01-24,1,4,1,2024
2613,220084,562,2024-01-24,G3,PO-Daesan-2401-03,Daesan,Sale,40,Kukdong,XKTP-240124-10,SD-9.5*900*1800,SD095E,KS SD 9.5mm (Lv 1),SD 9.5mm,Pcs,24.0,120.0,2880.0,1.62,4665.6,,,4297.0,SD095E,SD,9.5,900.0,1800.0,120.0,SD 9.5X900X1800,74520.0,2024-01-01,Korea,LV_1,SD_Korea,77400.0,125388.00000000001,645.0,2024-01-24,1,4,1,2024
2614,220085,563,2024-01-24,G3,PO-Daesan-2401-03,Daesan,Sale,40,Kukdong,XKTP-240124-11,SD-9.5*900*1800,SD095E,KS SD 9.5mm (Lv 1),SD 9.5mm,Pcs,24.0,120.0,2880.0,1.62,4665.6,,,4297.0,SD095E,SD,9.5,900.0,1800.0,120.0,SD 9.5X900X1800,74520.0,2024-01-01,Korea,LV_1,SD_Korea,77400.0,125388.00000000001,645.0,2024-01-24,1,4,1,2024
2615,220086,564,2024-01-24,G3,PO-Daesan-2401-03,Daesan,Sale,40,Kukdong,XKTP-240124-12,SD-9.5*900*1800,SD095E,KS SD 9.5mm (Lv 1),SD 9.5mm,Pcs,24.0,120.0,2880.0,1.62,4665.6,,,4297.0,SD095E,SD,9.5,900.0,1800.0,120.0,SD 9.5X900X1800,74520.0,2024-01-01,Korea,LV_1,SD_Korea,77400.0,125388.00000000001,645.0,2024-01-24,1,4,1,2024
2616,220087,565,2024-01-24,G14,SO2401,H&H,Sale,40,TMS,XKTP-240124-13,FR-12.7*1220*1830,FR127C,FR 12.7mm Lv 1 (1830) ,FR 12.7mm,Pcs,2.0,60.0,120.0,2.2326,267.912,,,4313.0,FR127C,FR,12.7,1220.0,1830.0,60.0,FR 12.7X1220X1830,3960.0,2024-01-01,Vietnam,LV_1,FR_Viet,4080.0,9109.008,68.0,2024-01-24,1,4,1,2024
2617,220088,566,2024-01-24,G13,SO2401,H&H,Sale,,,XKTP-240124-13,FR-15.9*1220*1830,FR159C,FR 15.9mm Lv 1 (1830),FR 15.9mm,Pcs,15.0,50.0,750.0,2.2326,1674.45,,,4314.0,FR159C,FR,15.9,1220.0,1830.0,50.0,FR 15.9X1220X1830,1900.0,2024-01-01,Vietnam,LV_1,FR_Viet,2650.0,5916.39,53.0,2024-01-24,1,4,1,2024
2618,220089,567,2024-01-24,G14,SO2403,H&H,Sale,40,TMS,XKTP-240124-14,FR-12.7*1220*1830,FR127C,FR 12.7mm Lv 1 (1830) ,FR 12.7mm,Pcs,8.0,60.0,480.0,2.2326,1071.65,,,4313.0,FR127C,FR,12.7,1220.0,1830.0,60.0,FR 12.7X1220X1830,3960.0,2024-01-01,Vietnam,LV_1,FR_Viet,4440.0,9912.744,74.0,2024-01-24,1,4,1,2024
2619,220090,568,2024-01-24,G13,SO2403,H&H,Sale,,,XKTP-240124-14,FR-15.9*1220*1830,FR159C,FR 15.9mm Lv 1 (1830),FR 15.9mm,Pcs,9.0,50.0,450.0,2.2326,1004.67,,,4314.0,FR159C,FR,15.9,1220.0,1830.0,50.0,FR 15.9X1220X1830,1900.0,2024-01-01,Vietnam,LV_1,FR_Viet,2350.0,5246.610000000001,47.0,2024-01-24,1,4,1,2024
2620,220091,569,2024-01-24,G12,SO2407,Lê Trần,Sale,Trailer,,XKTP-240124-15,SD-9*1220*2440,SD090H,Long 9mm (Lv 1) ,SD 9mm Long,Pcs,15.0,100.0,1500.0,2.9768,4465.2,,,4305.0,SD090H,SD,9.0,1220.0,2440.0,100.0,SD 9X1220X2440,150.0,2024-01-01,Vietnam,LV_1,SD_Viet,1650.0,4911.72,16.5,2024-01-24,1,4,1,2024
2621,220092,570,2024-01-24,G13,SO2407,Lê Trần,Sale,,,XKTP-240124-15,SD-9*1220*2440,SD090H,Long 9mm (Lv 1) ,SD 9mm Long,Pcs,5.0,100.0,500.0,2.9768,1488.4,,,4305.0,SD090H,SD,9.0,1220.0,2440.0,100.0,SD 9X1220X2440,150.0,2024-01-01,Vietnam,LV_1,SD_Viet,650.0,1934.9199999999998,6.5,2024-01-24,1,4,1,2024
2622,220093,571,2024-01-25,G7,PO-Daesan-2401-03,Daesan,Sale,40,Kukdong,XKTP-240125-02,SD-9.5*900*1800,SD095E,KS SD 9.5mm (Lv 1),SD 9.5mm,Pcs,24.0,120.0,2880.0,1.62,4665.6,,,4297.0,SD095E,SD,9.5,900.0,1800.0,120.0,SD 9.5X900X1800,74520.0,2024-01-01,Korea,LV_1,SD_Korea,77400.0,125388.00000000001,645.0,2024-01-25,1,4,1,2024
2623,220094,572,2024-01-25,G7,PO-Daesan-2401-03,Daesan,Sale,40,Kukdong,XKTP-240125-03,SD-9.5*900*1800,SD095E,KS SD 9.5mm (Lv 1),SD 9.5mm,Pcs,24.0,120.0,2880.0,1.62,4665.6,,,4297.0,SD095E,SD,9.5,900.0,1800.0,120.0,SD 9.5X900X1800,74520.0,2024-01-01,Korea,LV_1,SD_Korea,77400.0,125388.00000000001,645.0,2024-01-25,1,4,1,2024
2624,220095,573,2024-01-25,G7,PO-Daesan-2401-03,Daesan,Sale,40,Kukdong,XKTP-240125-04,SD-9.5*900*1800,SD095E,KS SD 9.5mm (Lv 1),SD 9.5mm,Pcs,24.0,120.0,2880.0,1.62,4665.6,,,4297.0,SD095E,SD,9.5,900.0,1800.0,120.0,SD 9.5X900X1800,74520.0,2024-01-01,Korea,LV_1,SD_Korea,77400.0,125388.00000000001,645.0,2024-01-25,1,4,1,2024
2625,220096,574,2024-01-25,G7,PO-Daesan-2401-03,Daesan,Sale,40,Kukdong,XKTP-240125-05,SD-9.5*900*1800,SD095E,KS SD 9.5mm (Lv 1),SD 9.5mm,Pcs,24.0,120.0,2880.0,1.62,4665.6,,,4297.0,SD095E,SD,9.5,900.0,1800.0,120.0,SD 9.5X900X1800,74520.0,2024-01-01,Korea,LV_1,SD_Korea,77400.0,125388.00000000001,645.0,2024-01-25,1,4,1,2024
2626,220097,575,2024-01-25,G7,PO-Daesan-2401-03,Daesan,Sale,40,Kukdong,XKTP-240125-06,SD-9.5*900*1800,SD095E,KS SD 9.5mm (Lv 1),SD 9.5mm,Pcs,24.0,120.0,2880.0,1.62,4665.6,,,4297.0,SD095E,SD,9.5,900.0,1800.0,120.0,SD 9.5X900X1800,74520.0,2024-01-01,Korea,LV_1,SD_Korea,77400.0,125388.00000000001,645.0,2024-01-25,1,4,1,2024
2627,220098,576,2024-01-25,G7,PO-Daesan-2401-03,Daesan,Sale,40,Kukdong,XKTP-240125-07,SD-9.5*900*1800,SD095E,KS SD 9.5mm (Lv 1),SD 9.5mm,Pcs,24.0,120.0,2880.0,1.62,4665.6,,,4297.0,SD095E,SD,9.5,900.0,1800.0,120.0,SD 9.5X900X1800,74520.0,2024-01-01,Korea,LV_1,SD_Korea,77400.0,125388.00000000001,645.0,2024-01-25,1,4,1,2024
2628,220099,577,2024-01-25,G7,PO-Daesan-2401-03,Daesan,Sale,40,Kukdong,XKTP-240125-08,SD-9.5*900*1800,SD095E,KS SD 9.5mm (Lv 1),SD 9.5mm,Pcs,24.0,120.0,2880.0,1.62,4665.6,,,4297.0,SD095E,SD,9.5,900.0,1800.0,120.0,SD 9.5X900X1800,74520.0,2024-01-01,Korea,LV_1,SD_Korea,77400.0,125388.00000000001,645.0,2024-01-25,1,4,1,2024
2629,220100,578,2024-01-25,G7,PO-Daesan-2401-03,Daesan,Sale,40,Kukdong,XKTP-240125-09,SD-9.5*900*1800,SD095E,KS SD 9.5mm (Lv 1),SD 9.5mm,Pcs,24.0,120.0,2880.0,1.62,4665.6,,,4297.0,SD095E,SD,9.5,900.0,1800.0,120.0,SD 9.5X900X1800,74520.0,2024-01-01,Korea,LV_1,SD_Korea,77400.0,125388.00000000001,645.0,2024-01-25,1,4,1,2024
2630,220101,579,2024-01-25,G7,PO-Daesan-2401-03,Daesan,Sale,40,Kukdong,XKTP-240125-10,SD-9.5*900*1800,SD095E,KS SD 9.5mm (Lv 1),SD 9.5mm,Pcs,24.0,120.0,2880.0,1.62,4665.6,,,4297.0,SD095E,SD,9.5,900.0,1800.0,120.0,SD 9.5X900X1800,74520.0,2024-01-01,Korea,LV_1,SD_Korea,77400.0,125388.00000000001,645.0,2024-01-25,1,4,1,2024
2631,220102,580,2024-01-25,G7,PO-Daesan-2401-03,Daesan,Sale,40,Kukdong,XKTP-240125-11,SD-9.5*900*1800,SD095E,KS SD 9.5mm (Lv 1),SD 9.5mm,Pcs,24.0,120.0,2880.0,1.62,4665.6,,,4297.0,SD095E,SD,9.5,900.0,1800.0,120.0,SD 9.5X900X1800,74520.0,2024-01-01,Korea,LV_1,SD_Korea,77400.0,125388.00000000001,645.0,2024-01-25,1,4,1,2024
2632,220103,581,2024-01-26,G13,SO2401,Đăng Hưng,Sale,Trailer,,XKTP-240126-01,SD-9*1220*2440,SD090H,Long 9mm (Lv 1) ,SD 9mm Long,Pcs,20.0,100.0,2000.0,2.9768,5953.6,,,4305.0,SD090H,SD,9.0,1220.0,2440.0,100.0,SD 9X1220X2440,150.0,2024-01-01,Vietnam,LV_1,SD_Viet,2150.0,6400.12,21.5,2024-01-26,1,4,1,2024
2633,220104,582,2024-01-26,G5,PO-Daesan-2401-03,Daesan,Sale,40,Kukdong,XKTP-240126-02,AM-9.5*900*2550,AM095Q,KS AM 9.5x25500x900 (Lv1),AM 9.5mm,Pcs,16.0,120.0,1920.0,2.295,4406.4,,,4342.0,AM095Q,AM,9.5,900.0,2550.0,120.0,AM 9.5X900X2550,28560.0,2024-01-01,Korea,LV_1,AM_Korea,30480.0,69951.59999999999,254.0,2024-01-26,1,4,1,2024
2634,220105,583,2024-01-26,G5,PO-Daesan-2401-03,Daesan,Sale,40,Kukdong,XKTP-240126-03,AM-9.5*900*2550,AM095Q,KS AM 9.5x25500x900 (Lv1),AM 9.5mm,Pcs,16.0,120.0,1920.0,2.295,4406.4,,,4342.0,AM095Q,AM,9.5,900.0,2550.0,120.0,AM 9.5X900X2550,28560.0,2024-01-01,Korea,LV_1,AM_Korea,30480.0,69951.59999999999,254.0,2024-01-26,1,4,1,2024
2635,220106,584,2024-01-26,G5,PO-Daesan-2401-03,Daesan,Sale,40,Kukdong,XKTP-240126-04,AM-9.5*900*2550,AM095Q,KS AM 9.5x25500x900 (Lv1),AM 9.5mm,Pcs,16.0,120.0,1920.0,2.295,4406.4,,,4342.0,AM095Q,AM,9.5,900.0,2550.0,120.0,AM 9.5X900X2550,28560.0,2024-01-01,Korea,LV_1,AM_Korea,30480.0,69951.59999999999,254.0,2024-01-26,1,4,1,2024
2636,220107,585,2024-01-26,G5,PO-Daesan-2401-03,Daesan,Sale,40,Kukdong,XKTP-240126-05,AM-9.5*900*2550,AM095Q,KS AM 9.5x25500x900 (Lv1),AM 9.5mm,Pcs,16.0,120.0,1920.0,2.295,4406.4,,,4342.0,AM095Q,AM,9.5,900.0,2550.0,120.0,AM 9.5X900X2550,28560.0,2024-01-01,Korea,LV_1,AM_Korea,30480.0,69951.59999999999,254.0,2024-01-26,1,4,1,2024
2637,220108,586,2024-01-26,G5,PO-Daesan-2401-03,Daesan,Sale,40,Kukdong,XKTP-240126-06,AM-9.5*900*2550,AM095Q,KS AM 9.5x25500x900 (Lv1),AM 9.5mm,Pcs,16.0,120.0,1920.0,2.295,4406.4,,,4342.0,AM095Q,AM,9.5,900.0,2550.0,120.0,AM 9.5X900X2550,28560.0,2024-01-01,Korea,LV_1,AM_Korea,30480.0,69951.59999999999,254.0,2024-01-26,1,4,1,2024
2638,220109,587,2024-01-26,G10,PO-Daesan-2401-03,Daesan,Sale,40,Kukdong,XKTP-240126-07,AM-9.5*900*2550,AM095Q,KS AM 9.5x25500x900 (Lv1),AM 9.5mm,Pcs,14.0,120.0,1680.0,2.295,3855.6,,,4342.0,AM095Q,AM,9.5,900.0,2550.0,120.0,AM 9.5X900X2550,28560.0,2024-01-01,Korea,LV_1,AM_Korea,30240.0,69400.8,252.0,2024-01-26,1,4,1,2024
2639,220110,588,2024-01-26,G5,PO-Daesan-2401-03,Daesan,Sale,,,XKTP-240126-07,AM-9.5*900*2550,AM095Q,KS AM 9.5x25500x900 (Lv1),AM 9.5mm,Pcs,2.0,120.0,240.0,2.295,550.8,,,4342.0,AM095Q,AM,9.5,900.0,2550.0,120.0,AM 9.5X900X2550,28560.0,2024-01-01,Korea,LV_1,AM_Korea,28800.0,66096.0,240.0,2024-01-26,1,4,1,2024
2640,220111,589,2024-01-27,G14,SO2401,Zinca,Sale,Truck,,XKTP-240127-02,FR-12.7*1220*1830,FR127C,FR 12.7mm Lv 1 (1830) ,FR 12.7mm,Pcs,4.0,60.0,200.0,2.2326,446.52,,,4313.0,FR127C,FR,12.7,1220.0,1830.0,60.0,FR 12.7X1220X1830,3960.0,2024-01-01,Vietnam,LV_1,FR_Viet,4160.0,9287.616,69.33333333333333,2024-01-27,1,4,1,2024
2641,220112,590,2024-01-27,G9,SO2401,Đệ Nhất,Sale,Trailer,,XKTP-240127-01,SL-8*1210*2420,SL080D,Long 8mm (Lv 1) ,SD 8mm Long,Pcs,17.0,130.0,2210.0,2.9282,6471.32,,,4303.0,SL080D,SL,8.0,1210.0,2420.0,130.0,SL 8X1210X2420,10920.0,2024-01-01,Vietnam,LV_1,SD_Viet,13130.0,38447.265999999996,101.0,2024-01-27,1,4,1,2024
